{"val_loss": [1.5573382798108188, 1.3973991840535944, 1.3871529508784493, 1.3700279709872079, 1.294692593462327, 1.2570628211077521, 1.2289017301957237, 1.2606551247102054, 1.1911630857947038, 1.188330442051199, 1.2053511600188394, 1.2224775373744454, 1.2049301811335558, 1.1594297656910941, 1.151375817232591, 1.197757329226815, 1.1322252331443012, 1.1506886679858448, 1.1375556391445711, 1.1531537072033806, 1.1850744989721533, 1.1364394121374037, 1.1317616399469224, 1.1560110127097145, 1.107073678893839, 1.1205006450255286, 1.0933500853196823, 1.1256251522309002, 1.1480727369900057, 1.118521381112981, 1.076431108566529, 1.074495357243135, 1.0825819711889175, 1.0832109924816193, 1.1057809541824668, 1.1294682278862611, 1.0910726419744645, 1.0492295244415815, 1.0734607285866762, 1.0715194672059247, 1.141246329832842, 1.034320410674906, 1.0622351849652867, 1.0827781794925424, 1.0456425893115486, 1.0919642219951446, 1.0714205264790173, 1.0761161289240586, 1.0628297667962345, 1.0705359314597227, 1.0558122763276738, 1.1110808247040938, 1.050867821634772, 1.0922619622658918, 1.0419889474425086, 1.0399164921969652, 1.0621660803728563, 1.051776097942801, 1.0891417873479465, 1.020129850956208, 1.0444459470963097, 1.0849809787362654, 1.0585271984370634, 1.035404622223288, 1.0486907208667082, 1.0410623050246008, 1.0391788840293885, 1.0413805335345754, 1.1046902935007676, 1.0587677359453498, 1.0233456323108572, 1.0737218967478543, 1.0582373213640508, 1.032969218116393, 1.0870607174144071, 1.0608306712390267, 1.0459796618905297, 1.035670038021822, 1.061458636605166, 1.0367796743999829, 1.0351375998915198, 1.0628974202482457, 1.069515272181302, 1.0508322836243533, 1.0423333537259842, 1.0617770153825934, 1.068125579408146, 1.0291396002845967, 1.0579730634510836, 1.0027474036828719, 1.067035039248951, 1.03692186349216, 1.0668468365567254, 1.0386910300203822, 1.0466134224345978, 1.055359764213868, 1.0572163929786274, 1.0470262734647742, 1.0345445160304798, 1.0203390367910823], "val_acc": [0.44556149733257805, 0.497754010701562, 0.5088770053475936, 0.5202139037433156, 0.5419251336962144, 0.5612834224662678, 0.5706951871657754, 0.5549732620448352, 0.5896256684619475, 0.5770053475935829, 0.578609625674824, 0.5705882353004925, 0.5785026737967914, 0.5914438502673797, 0.5948663101668026, 0.5746524064171123, 0.600855614973262, 0.5977540107079368, 0.6059893048128342, 0.5974331550865888, 0.5875935828877006, 0.5935828877005348, 0.6103743315508021, 0.5963636363700112, 0.6168983957346748, 0.6023529411764705, 0.6114438502801294, 0.6086631016042781, 0.599572192513369, 0.606951871657754, 0.6219251336962144, 0.6210695187165776, 0.6173262032149309, 0.6224598930481283, 0.6129411764705882, 0.6051336898395722, 0.6190374331678299, 0.6302673796663947, 0.6220320855742469, 0.6240641711357443, 0.6017112299528989, 0.6368983957346748, 0.623743315520771, 0.6217112299592737, 0.630695187178525, 0.616363636376386, 0.6204278074993806, 0.6193582887828031, 0.6227807486503519, 0.6234224598802984, 0.6288770053603432, 0.6081283422587389, 0.6290909091036587, 0.6186096256811988, 0.6309090908963413, 0.6327272727145231, 0.6219251336770899, 0.6244919786223754, 0.6158288769925979, 0.6383957219378833, 0.6333689839444696, 0.619251336885646, 0.6237433154952717, 0.6329411764578385, 0.631016042767999, 0.6302673796918941, 0.6302673796663947, 0.628449197848213, 0.6160427807614127, 0.6225668449325358, 0.6395721925133689, 0.6229946523936675, 0.6264171122867156, 0.636256684479229, 0.6162566845047283, 0.6248128342373486, 0.6288770053603432, 0.6321925133562343, 0.6254545454672951, 0.6364705882480438, 0.6380748663229101, 0.6288770053603432, 0.6203208556022236, 0.6328342245861808, 0.6308021390246835, 0.6258823529539261, 0.6242780748535605, 0.6399999999872503, 0.6308021390246835, 0.6448128342118493, 0.6283422459765552, 0.635401069505967, 0.6263101604150578, 0.635401069505967, 0.6382887700407263, 0.6234224598802984, 0.6313368984084716, 0.6326203208428653, 0.6349732620193359, 0.6394652406417112], "loss": [1.6929248258898522, 1.4544359679531367, 1.3768060256273318, 1.3265875234718956, 1.2879290662523848, 1.2611465952802747, 1.2459482059795213, 1.2282109237328553, 1.214519053181552, 1.2014961169316218, 1.1834853694737406, 1.1840511699823233, 1.1623461968722566, 1.1651329800374188, 1.15061166645355, 1.1484810518103667, 1.1383085020059553, 1.1343045965758565, 1.1295675349774943, 1.1154492784157777, 1.1169879507479086, 1.1094810585019095, 1.1097467673562051, 1.103654079631443, 1.0968229649041752, 1.1002546771870838, 1.0928451941132007, 1.0886798116056808, 1.0811042597067302, 1.0737984560769427, 1.0777941293558204, 1.0771302055773153, 1.0609031973992717, 1.0707469899729907, 1.065573460009303, 1.0608126245904292, 1.0611406519510087, 1.056111918970111, 1.0473244878932901, 1.051386500408207, 1.0525561885344676, 1.0517036971499298, 1.0498837518620094, 1.0465155724630457, 1.0432467500620477, 1.046681060122149, 1.0423216942676412, 1.0398449774241556, 1.0374258936152738, 1.0367696074375021, 1.0301542402212795, 1.0289838571534078, 1.028238612397224, 1.028176990443585, 1.026855582759391, 1.021867078145345, 1.023496152617453, 1.0146082145056574, 1.018945052447542, 1.020528520674727, 1.015591037474786, 1.0124942500558913, 1.0180831948664393, 1.013204487657475, 1.0181352535272257, 1.0145924374133033, 1.008795695520634, 1.016300795668031, 1.0069194511806263, 1.0134574838641182, 1.0068147839068646, 1.0057507772611098, 1.0027335944326754, 1.0040825129670075, 1.0027811437422693, 1.0009995309116255, 1.0024978880896647, 0.9994764742915986, 0.9937601128962245, 1.0025593683191014, 0.9913267776437474, 0.9862629053423667, 0.995144816689182, 0.9871500614901294, 0.9885782005236698, 0.9949979046854678, 0.9851137077970202, 0.9865377685207407, 0.9935716262158585, 0.9878390495018362, 0.9909807513310359, 0.9837588730404999, 0.9842775474234764, 0.9865796606357281, 0.9886403028062386, 0.9908129356889164, 0.9890562894045857, 0.9824942398215132, 0.9820666912598128, 0.9815314017881276], "acc": [0.3983710407743267, 0.48702865767083375, 0.5141478129731404, 0.5298642533648967, 0.544856711888565, 0.5545399698017229, 0.55975867275379, 0.5653092005673577, 0.5718853695863693, 0.5754147813187106, 0.5826546002656986, 0.5791855203296264, 0.5878129713387871, 0.589502262443439, 0.5918552036702543, 0.5938461538137894, 0.5970739064784791, 0.5983408747790986, 0.6015686274725567, 0.6047360482294994, 0.6069984916720096, 0.6089592760216956, 0.6067269985096847, 0.6110407240286492, 0.6099547511851626, 0.6098340874811463, 0.6123076922753278, 0.6152639517057715, 0.6158672700316657, 0.619336349913797, 0.6189140272032622, 0.6173453996911488, 0.6264856711915535, 0.6204524886805907, 0.6191553544674524, 0.6253996983336827, 0.6233182504238226, 0.6246455505710562, 0.6286274510019685, 0.6267873303095499, 0.6256711916074853, 0.6260030165552913, 0.6295625942864569, 0.6305580694247515, 0.6301659125152577, 0.6284162895603956, 0.6291101056274425, 0.6319457014042148, 0.6340271493752079, 0.6327903468792255, 0.6354751130826153, 0.6360482654528381, 0.6360482654780104, 0.6348717948933712, 0.6357164404115346, 0.6364705882316981, 0.6379185520038346, 0.6374358974862422, 0.6408748114846231, 0.6385520362494398, 0.639426847680122, 0.6406334842096447, 0.6366515837319836, 0.6408144796883538, 0.6395173453637377, 0.6373453996623804, 0.6411161387847739, 0.6434690799576485, 0.6427149320871403, 0.6423529411441061, 0.6430769230373664, 0.6420512820117255, 0.6436199094663019, 0.6449773755871872, 0.6428657617036754, 0.6415686274186159, 0.6462443438554422, 0.6449472096746683, 0.6486576168605465, 0.6412368024636178, 0.647119155322085, 0.6510105581197264, 0.645520362041295, 0.6497134238490512, 0.6514328808913943, 0.6457315234253309, 0.647601809943963, 0.6465761689183219, 0.6468476621058192, 0.6507692307692308, 0.649381598757403, 0.6511613876535522, 0.6507390648279434, 0.647119155327479, 0.6488687783272917, 0.6501055806830278, 0.6479638008690168, 0.6500754148316419, 0.6519758673131376, 0.6525188537420731]}