{"val_loss": [1.3963866089754564, 1.4185921066712568, 1.3336379647892427, 1.4274229404633059, 1.3104892301559448, 1.3128048522204638, 1.2984690164117252, 1.2704909086227416, 1.2899606560130807, 1.2576043928370757, 1.368965301029185, 1.2490154990792912, 1.3264158079585926, 1.1783822411776863, 1.2773774964031688, 1.2542795095851715, 1.1823255442553025, 1.1932458312243701, 1.2173659824687528, 1.1935534482588743, 1.1822708489678122, 1.3133830267605298, 1.3197635818165254, 1.2629661211992969, 1.1886765249782705, 1.2350511436666396, 1.1825624667896943, 1.249453766562722, 1.2022847816395887, 1.2318298870484459, 1.2097367864241575, 1.3137451295036684, 1.137376510217228, 1.1886320657526108, 1.1669509887695313, 1.1113936377336635, 1.1366105114074951, 1.1489237999278594, 1.2545246025585235, 1.287262274058745, 1.232998474931972, 1.2225025363911919, 1.1121083322565823, 1.2200462025627095, 1.1620191078135036, 1.1462336467039138, 1.2282215943310988, 1.1641593615129033, 1.1283801748790843, 1.135139283878918, 1.1629200072722001, 1.1564704529869365, 1.1958466526021294, 1.1806170838911902, 1.1893252010651452, 1.0924793864061488, 1.2421863086975833, 1.1513559272837512, 1.1376423715907622, 1.2060443943962056, 1.158209284320872, 1.2098422309294103, 1.2448729706575525, 1.2164561168140269, 1.0925135661701468, 1.1010059536969599, 1.1603234637867321, 1.1285211038589478, 1.1527204157069406, 1.1405985591500838, 1.1289729246481217, 1.2206800865999519, 1.2296750111630894, 1.16251966417792, 1.1598578609374754, 1.2124597909743773, 1.1599574468990062, 1.1883913818655167, 1.153487259869907, 1.1662626605620359, 1.1778333694794598, 1.048878107619158, 1.207196847818752, 1.121033543137943, 1.1885802931199099, 1.1679594006257898, 1.163795343210353, 1.1482262071568698, 1.110773704625706, 1.155073813193622, 1.1474620376678712, 1.198920911620645, 1.1471029128492836, 1.1597520554129452, 1.0630870656916165, 1.0807064725370967, 1.2024665250880195, 1.0784216359592376, 1.2028575041842333, 1.1565280382135972], "val_acc": [0.49818181818181817, 0.49839572193788334, 0.5128342245989305, 0.49187165776038555, 0.5171122994652406, 0.5312299465368139, 0.5409625668512946, 0.5417112299465241, 0.5388235294181395, 0.5501604278074866, 0.5182887700598507, 0.5493048128342246, 0.5135828877069096, 0.5731550802139037, 0.5455614973262032, 0.5565775401133267, 0.5771122994652407, 0.5719786096256685, 0.5643850267379679, 0.5731550802202786, 0.5727272727336475, 0.5368983957219251, 0.5255614973293906, 0.5425668449229735, 0.5829946524064171, 0.5643850267443428, 0.5794652406417112, 0.5555080213903744, 0.5684491978673374, 0.571016042783936, 0.5716577540138826, 0.5395721925197439, 0.599572192513369, 0.5787165775464818, 0.5809625668481072, 0.6033155080277652, 0.59165775401707, 0.5883422459893048, 0.5516577540106952, 0.5519786096288558, 0.5639572192577117, 0.5682352941240219, 0.6049197860962567, 0.5570053475935829, 0.5836363636491133, 0.5897326203208556, 0.5663101604309949, 0.5837433155143962, 0.5996791443914016, 0.599572192513369, 0.5806417112363214, 0.589518716583915, 0.5782887700598508, 0.5868449197988459, 0.5752941176534336, 0.6130481283549957, 0.5698395721988881, 0.5893048128342246, 0.5940106951999155, 0.5715508021390374, 0.5912299465368138, 0.5731550802266534, 0.5567914438566423, 0.5675935828940754, 0.6146524064234872, 0.6024598930481283, 0.5893048128342246, 0.6036363636491133, 0.5898395721925134, 0.5959358288833801, 0.6019251336898396, 0.5654545454609203, 0.5633155080213904, 0.5853475935828877, 0.5897326203272304, 0.5687700534823107, 0.5891978609689417, 0.5788235294181395, 0.5873796791507598, 0.5866310160300311, 0.5921925133689839, 0.6308021390501828, 0.5679144385090487, 0.6041711230010273, 0.5783957219315086, 0.5885561497389952, 0.5866310160491556, 0.5943315508021391, 0.6050267379679144, 0.5889839572256261, 0.5919786096256684, 0.5764705882352941, 0.5936898395721926, 0.5911229946524064, 0.6216042780748663, 0.6196791443850267, 0.5758288770053476, 0.6135828877005347, 0.5798930481155926, 0.593048128342246], "loss": [1.5819582278192672, 1.4164527846749193, 1.3594433324549173, 1.319294347993209, 1.2894867122011486, 1.266180947218905, 1.2529995681725297, 1.2355030484077258, 1.212371154155127, 1.2099063529364125, 1.1932472323076757, 1.196913830842008, 1.1769394268349465, 1.1706098615997338, 1.16493863728611, 1.1596975474264108, 1.1595565201470215, 1.1524068856634886, 1.142490774481185, 1.1388217577207862, 1.1280157442510037, 1.1290929559201317, 1.124657026718105, 1.1211142906560079, 1.1235714744478689, 1.1122543411197345, 1.1116690793979582, 1.1117463932497649, 1.113473460181626, 1.105016345963399, 1.0965862861693714, 1.0947322208129802, 1.095660461897584, 1.0949008411807353, 1.0938088229914416, 1.0889741355081848, 1.0814867640620442, 1.082846822965199, 1.0852601012061625, 1.078323819482668, 1.0791697038460641, 1.0747169952910411, 1.0768991004359847, 1.0750138775219924, 1.073361614840063, 1.0681157627364628, 1.0650378464933254, 1.0724309026925272, 1.0687380530140158, 1.0627794761355647, 1.0678658263895486, 1.057175299783278, 1.0627733947213058, 1.0597184712710603, 1.0667355746345462, 1.0603358847127602, 1.0586832087144233, 1.0506938468061422, 1.0417559591137986, 1.0534923394233393, 1.054969976660353, 1.0460783165324687, 1.0459960545385945, 1.0463998016872378, 1.047455584423934, 1.0412539423860576, 1.0464911433366628, 1.0404976930985084, 1.0398419295932373, 1.0481027440679558, 1.0418440848058526, 1.035664920691811, 1.0352990282570795, 1.038358408092194, 1.036680949212559, 1.0359903266742758, 1.035727649594504, 1.0416486822282207, 1.035694432826783, 1.0302271220694839, 1.032743483301741, 1.0271209092377538, 1.0285343599319459, 1.0398143915748883, 1.0262930435077098, 1.0330742264872763, 1.0309296825316876, 1.0256623921530998, 1.0255989772306129, 1.0282315485653655, 1.0301818042355246, 1.0320775054734577, 1.028494475344547, 1.027181944782378, 1.0202231072480503, 1.01903375464507, 1.027487491025824, 1.0204376009398817, 1.0151802482000842, 1.021365628389931], "acc": [0.4362594268188937, 0.4958672700388579, 0.5178883860913157, 0.534389140321838, 0.5454600301874889, 0.5549622926632923, 0.5548717949221397, 0.5682654600805107, 0.5714932126588951, 0.5721266968253871, 0.5787330317209569, 0.5780995474753516, 0.5853996983426728, 0.5846757164116538, 0.5892006033398267, 0.590739064860308, 0.5887782805393904, 0.5950829562342544, 0.5965007541693893, 0.5983107089528851, 0.6014177978847901, 0.6007239819472012, 0.6024736048517184, 0.6043137254866, 0.6042533937119071, 0.6052187028621656, 0.608416289643105, 0.6085369532176632, 0.6079336350392073, 0.6114630467212039, 0.6118853695288323, 0.6124886878007857, 0.6139064856639994, 0.6133634992422561, 0.6110407239495359, 0.6156561085613245, 0.6181900452740412, 0.6161990950442008, 0.6173453996911488, 0.6193966817172584, 0.6171342383035168, 0.6197586726710808, 0.6178883861776211, 0.6178582202651023, 0.6225942684694293, 0.6247360482582679, 0.6254901960712392, 0.620271493234246, 0.6204223228292048, 0.6224434388852587, 0.6224736048445263, 0.6272699848810832, 0.6231070890110183, 0.6264555052718426, 0.6221417797600701, 0.6248567119083434, 0.6241628959168136, 0.627722473572462, 0.6295625943188214, 0.629622926136667, 0.6247360482870363, 0.630075414770509, 0.630377073924466, 0.6315837104036438, 0.6318250376750262, 0.6337254902176548, 0.6284766214070098, 0.6296229260539578, 0.6320060332004841, 0.6296832578825915, 0.6301659125080655, 0.6353846153486549, 0.6318853695324284, 0.6307088989046364, 0.6316440422826223, 0.6323378581878466, 0.6303770738669291, 0.6312217194749938, 0.6343891402391287, 0.6374962292861075, 0.635444947209653, 0.6401206636518735, 0.6357164404690715, 0.6326395173471977, 0.6367119155821936, 0.6355052789987302, 0.6331523378222597, 0.6373152337534576, 0.6391251885297611, 0.6381900452380806, 0.6354449471700965, 0.6334841628851394, 0.6373755656612046, 0.6364705881993336, 0.6390648567011273, 0.6414781297601726, 0.6383107088953481, 0.6439819004956414, 0.6416289592939984, 0.6392458522014128]}