{"val_loss": [1.5028396827779351, 1.438402774627196, 1.26116929509423, 1.2260675988222827, 1.203027902172211, 1.1550215502728753, 1.1565973820660842, 1.1229699923775414, 1.1186399903526918, 1.1172126687401756, 1.1293131983981413, 1.134998715395596, 1.107017766269133, 1.1256908670338717, 1.1268643997569772, 1.1357987674544838, 1.086468441511858, 1.07965220859344, 1.0981520676612855, 1.0760588316866422, 1.1298415608457066, 1.0746516087220952, 1.1048613561538452, 1.1414267321448912, 1.1671428848332899, 1.1818339897094563, 1.1712348282273441, 1.1769370647675212, 1.1667321483591662, 1.1340004278376778, 1.266641858554779, 1.1632498726105307, 1.2825570613177701, 1.2048329366847155, 1.2757744160437967, 1.2285053470172984, 1.2628693047181807, 1.3266614634212963, 1.3154833206900938, 1.353163780707089, 1.3181771659086094, 1.3924801731364613, 1.3784566882332379, 1.3518130507188684, 1.396999375220926, 1.4084685959535486, 1.4360369486987272, 1.4052138066674298, 1.4450651013022437, 1.66536826358122, 1.4460693092652184, 1.7492704114301958, 1.6425572717636028, 1.5336710065953871, 1.6033111071714106, 1.6436080372652269, 1.686511679460658, 1.5884676127510275, 1.7622244367752484, 1.6450847834571798, 1.7232478293760576, 1.7940926128275254, 1.791939122434606, 1.719716938982673, 1.7557178564887634, 1.8978831074454567, 1.8249464559810047, 1.9531526316168475, 1.902963356181262, 2.0383222791345363, 2.0007387957343443, 1.9855032227001088, 1.9758102497570018, 2.0251615238699685, 2.22173687730881, 2.1733437830879088, 2.064470691833904, 2.1667605220060295, 2.077359541826707, 2.1199721251707024, 2.3057468413796656, 2.0973444108912016, 2.284031986246772, 2.254659263131453, 2.2916547833916976, 2.245867359497968, 2.291284984139835, 2.434350469201644, 2.327504163680867, 2.3410173705809894, 2.3825491448774696, 2.4052136216699123, 2.367118581017071, 2.5362948716515525, 2.4144973287225406, 2.442297008636801, 2.866874292113564, 2.5179450080738985, 2.708662101725206, 2.54498452686371], "val_acc": [0.4716577539979455, 0.5135828877132844, 0.5539037433027584, 0.5746524064043627, 0.5767914438375177, 0.5977540106824375, 0.598395721912384, 0.6132620320728118, 0.6115508021262878, 0.6063101604405572, 0.6098395722052631, 0.6039572192640865, 0.6156149732492824, 0.6136898395849422, 0.6130481283294963, 0.6083422460020544, 0.6332620320983111, 0.6248128342118493, 0.6264171122867156, 0.633475935828877, 0.6158288770180973, 0.6395721925133689, 0.6347593583015197, 0.6295187165647904, 0.618502673809541, 0.6144385026865464, 0.6194652406544608, 0.6237433155080214, 0.6302673796918941, 0.6418181818181818, 0.6115508021390375, 0.6295187165775401, 0.6019251337025893, 0.6254545454545455, 0.6250267379551648, 0.6397860962630593, 0.6285561497326203, 0.6205347593582887, 0.6249197860962566, 0.6241711230074021, 0.6334759358161274, 0.6135828877069096, 0.6280213903807064, 0.6270588235421615, 0.6204278074866311, 0.6212834224471434, 0.626951871657754, 0.631550802151787, 0.6217112299528988, 0.586951871657754, 0.6336898395721925, 0.6006417112171969, 0.6059893048192091, 0.6316577540106952, 0.6193582887700535, 0.6245989304812835, 0.6240641711293695, 0.6262032085561497, 0.6087700534823106, 0.6220320855678722, 0.6189304812834224, 0.6111229946651561, 0.6099465240769207, 0.6232085561561075, 0.6235294117710807, 0.609518716583915, 0.6207486631016043, 0.605561497332578, 0.6216042780812412, 0.6084491978609625, 0.6178609625732198, 0.6154010695187165, 0.6170053476063325, 0.6106951871657754, 0.6, 0.5990374331550802, 0.6227807486694764, 0.6065240641774978, 0.6206417112363214, 0.6234224598930481, 0.6083422459956797, 0.6221390374395299, 0.6139037433218828, 0.6141176470588235, 0.611764705882353, 0.6129411764833379, 0.6154010695187165, 0.5992513369047705, 0.6155080213967492, 0.6175401069582465, 0.6090909090909091, 0.610802139043808, 0.6136898395785674, 0.6050267379679144, 0.6190374331614551, 0.6173262031958064, 0.5864171122994652, 0.6118716577603855, 0.5985026737967915, 0.6115508021454122], "loss": [1.7088051970368237, 1.389929187035309, 1.2867299195831898, 1.2154609052663834, 1.165177003974109, 1.1209601907097198, 1.0880923089074872, 1.0468689353505591, 1.024234835414685, 0.985564767519633, 0.9654051531673736, 0.9398747693143819, 0.9077126674486681, 0.8917140738349155, 0.8612229660769214, 0.8492172011350974, 0.822068411322201, 0.7873145701478869, 0.7732052060741464, 0.7718599635515457, 0.7405644613837045, 0.7340087011532905, 0.704978816958754, 0.6903662000414473, 0.6909145234037488, 0.6598123897794145, 0.6424632758001037, 0.6261807589041881, 0.6157643965574411, 0.6055687645801412, 0.5851742667382299, 0.5632838485359606, 0.5655257127080029, 0.5342420647838356, 0.5258042268443791, 0.5100483217714059, 0.49512244765395313, 0.4902116822998628, 0.47854954922540877, 0.45723880117295557, 0.4516415058703444, 0.44108875840857376, 0.43567479337142784, 0.41134833756974737, 0.40834360267961367, 0.37872256943183424, 0.39565674790789457, 0.38401832416586207, 0.36976760685264076, 0.3444546094577237, 0.3469371022825687, 0.333199752150258, 0.32332654205202876, 0.30057104215722635, 0.3168273357676165, 0.2924278689455662, 0.2897532019841725, 0.28983508466955044, 0.2788995745728638, 0.2756608184268572, 0.24812705019750206, 0.2526870070881074, 0.2626070959077162, 0.22875178350042974, 0.21872773690371133, 0.2485881204509807, 0.20234954879384595, 0.2270419780557152, 0.22682339764648254, 0.21472060639394355, 0.18138921740727548, 0.1992465666174709, 0.20086026795938902, 0.19207751554151825, 0.15202341858977467, 0.19154009217050819, 0.1536366950791346, 0.19016020937742692, 0.14562685460346678, 0.1805448546740444, 0.18670459911024948, 0.15531573985496797, 0.117185990603621, 0.12952486625174411, 0.15378004620247837, 0.14470933761891555, 0.1284775884483195, 0.11525278848940071, 0.1795265264525942, 0.11762421457206501, 0.1596569710533903, 0.10010511300772383, 0.13106737173947633, 0.10314953788867723, 0.15604127265838835, 0.14199657097661117, 0.10344256775231743, 0.08350199621951777, 0.12200184733259911, 0.1251208395287282],