{"val_loss": [1.2928019370242236, 1.2348001704368998, 1.1636286837659418, 1.1384478194573346, 1.131429898560366, 1.1369968262203236, 1.1254657730954216, 1.1385125404373209, 1.110854862654273, 1.1333082294081622, 1.1958965274866888, 1.1351795437756707, 1.1997442425126061, 1.1916825162280689, 1.1882450386419654, 1.210009541983273, 1.2050335047206777, 1.2345398489804191, 1.2047310497671526, 1.2101309982340605, 1.2326652317506106, 1.270792251257973, 1.2597498748901694, 1.2875101117526784, 1.271602686063491, 1.2578576141627715, 1.2774353161852627, 1.2441605772946607, 1.2882945518697646, 1.2642970636056705, 1.29534138768752, 1.3043893584975583, 1.27561109011186, 1.2669137187947563, 1.3071931612045369, 1.322137194852778, 1.3167709185477885, 1.3489519824063714, 1.2944476113344896, 1.3390687427418755, 1.3726251057252528, 1.3870938809797726, 1.3697406095361964, 1.3437262008279403, 1.3622036660291295, 1.3603940301272959, 1.3754269048364405, 1.3576485298534129, 1.3310111250851882, 1.372824507703118, 1.3510335657813333, 1.3443974596676342, 1.4243961915357866, 1.378799392603298, 1.3546797115152533, 1.423231180160441, 1.3998023038496945, 1.3812433185424398, 1.4639722003783773, 1.3847264796527312, 1.393982825942218, 1.4467849163320612, 1.427568373935108, 1.4756602097322598, 1.4353683096329797, 1.3684397959836665, 1.3915292407867106, 1.4250422442278123, 1.4165240176603755, 1.3986043495035427, 1.4395138127408562, 1.4322142490601157, 1.4241559314982777, 1.446337046138743, 1.4419569565268124, 1.4316443449418175, 1.4021250258920026, 1.469999943672017, 1.4478850107651982, 1.4652336662465877, 1.4423590340588819, 1.4697394884078898, 1.4380317643236986, 1.5087094329895183, 1.4462664198492938, 1.4550777830287096, 1.4549772554285385, 1.4909020251641298, 1.447623761248461, 1.5533153574989442, 1.5242869723161911, 1.4803633162554573, 1.4429359730807219, 1.4472537244704955, 1.4739016564644594, 1.474680413868338, 1.4989372530595504, 1.4605887993134279, 1.5038199960739218, 1.5331217368783798], "val_acc": [0.5411764705754857, 0.5577540106824375, 0.5834224598930481, 0.5992513369111454, 0.5997860962694341, 0.5962566845047282, 0.6080213903870813, 0.60855614974537, 0.6144385026865464, 0.6121925133562343, 0.5951871657754011, 0.6110160427934983, 0.6021390374331551, 0.5996791443977764, 0.6018181818181818, 0.6010695187165775, 0.6018181818181818, 0.5964705882480438, 0.6023529411764705, 0.6031016042780749, 0.6010695187165775, 0.5940106951999155, 0.5975401069582464, 0.587807486631016, 0.602032085574247, 0.6034224598930481, 0.5995721925261186, 0.6042780748790598, 0.5994652406544609, 0.5976470588362791, 0.5983957219251337, 0.6003208556149733, 0.6024598930481283, 0.6063101604150578, 0.6059893048255839, 0.6039572192385873, 0.5997860962566844, 0.5913368983957219, 0.6032085561497326, 0.6008556149860117, 0.593475935828877, 0.595614973262032, 0.5933689839572193, 0.5964705882352941, 0.5942245989304813, 0.5992513368983957, 0.6011764705882353, 0.6013903743315508, 0.5952941176470589, 0.5940106951935405, 0.6001069518716577, 0.6003208556149733, 0.5919786096320433, 0.5988235294117648, 0.6001069518780325, 0.5867379679144386, 0.5894117647058823, 0.5997860962566844, 0.5791443850331128, 0.5992513368983957, 0.597860962566845, 0.5898395721988882, 0.593475935828877, 0.5891978609625669, 0.5928342245989304, 0.6042780748790598, 0.5994652406417113, 0.5954010695187166, 0.592620320855615, 0.600427807486631, 0.5917647058951025, 0.5919786096256684, 0.5959358288770054, 0.5950802139037433, 0.5943315508021391, 0.5964705882352941, 0.5972192513368983, 0.5882352941176471, 0.59475935828877, 0.601176470600985, 0.601711229946524, 0.5954010695187166, 0.5978609625795945, 0.5931550802139037, 0.6007486631143539, 0.5955080213903743, 0.5971122994779903, 0.5903743315508021, 0.5887700534886855, 0.5858823529539261, 0.587379679144385, 0.5937967914565999, 0.5961497326330705, 0.5991443850394876, 0.5941176470460738, 0.595508021403124, 0.5920855615100759, 0.6038502673924288, 0.5980748663229101, 0.589411764718632], "loss": [1.5552574305584708, 1.2661741176162191, 1.1714262646823268, 1.0903164615997902, 1.040154566984191, 0.9996291158749507, 0.9570798353659801, 0.928068537701309, 0.9045315990908294, 0.8761845442432444, 0.8538360568588855, 0.8340659135463191, 0.8067304292091957, 0.8019288143996559, 0.7862937068651524, 0.7662473854328172, 0.7678914190417501, 0.7509967227615023, 0.7420019693288329, 0.7275107191015333, 0.7192414321187395, 0.7146708030542457, 0.7049564939854192, 0.7004956704063473, 0.6850599775091376, 0.6829754357927705, 0.6705947345018747, 0.6840728627071122, 0.6624754304547835, 0.6544412748234664, 0.6516476214273663, 0.6371247082058661, 0.6466250249559163, 0.6403655927249569, 0.6392713545781994, 0.6299693147736977, 0.6228153421508421, 0.6315172120205058, 0.6208361060155463, 0.6166185682283807, 0.6224734717976094, 0.6069708004148837, 0.601944949213376, 0.599358142580202, 0.5971415686715242, 0.5913488674685247, 0.5908993061131841, 0.5898449239903446, 0.5878424234303954, 0.5912955916772961, 0.5835058341073055, 0.5827361161280901, 0.5800364767300418, 0.5727740614338698, 0.5715395544161445, 0.560199693691317, 0.5622862033426852, 0.5645783024244179, 0.5575989889199557, 0.5635535681769139, 0.5606497184255723, 0.5606939421627856, 0.560014761932655, 0.5532464252913519, 0.5481762350504574, 0.5461562433070187, 0.5451657377109269, 0.5398731976666602, 0.5456341155693721, 0.5416807291015061, 0.5366745383059817, 0.5403300514156463, 0.5289271331984173, 0.5271982904742746, 0.5356002889930932, 0.5367260687167827, 0.531906206701316, 0.5227192096364983, 0.5260122678326625, 0.5224538477981072, 0.520152897716108, 0.5213115622375166, 0.5158118110634443, 0.5110643767411532, 0.5236537584208435, 0.5153932541420018, 0.5122381805564483, 0.5121255580638149, 0.5143938222226334, 0.5091295033594422, 0.5013133785447743, 0.5112668333963392, 0.5086535224421891, 0.5019980111129323, 0.507271223301981, 0.500548995411414, 0.5013322712986717, 0.5020620139745565, 0.4959024179934736, 0.493089464976597], "acc": [0.4524283559307973, 0.5542986425303406, 0.5861538461214817, 0.6136651583530605, 0.6303469079831786, 0.6472699849062555, 0.6629260935574814, 0.6696832579365323, 0.6786123679845761, 0.6880241327767638, 0.6985520361883069, 0.6996983408352548, 0.7123680241794788, 0.714147813014495, 0.7213574661100972, 0.7276018099943078, 0.7257918551676593, 0.7300754147992774, 0.73511312218633, 0.740361990993379, 0.7422926093658171, 0.7423227752495675, 0.7462745097895374, 0.7507390648135592, 0.7530316741937606, 0.7541176470983801, 0.7590950226352225, 0.753031674161396, 0.7637405731127812, 0.7666666667098193, 0.7667571644437798, 0.768325791815647, 0.7679939668318805, 0.7672096530776218, 0.7679939668570529, 0.7719457013143134, 0.7760784314085096, 0.7720965309344445, 0.77806938163835, 0.7783710407383662, 0.7772247360015168, 0.7792760181139318, 0.7809954751526788, 0.7824736047833933, 0.7833785822416682, 0.7863348416397474, 0.7852187028262051, 0.7877828053831155, 0.786847662156164, 0.7854901960352787, 0.7884162896323168, 0.7915837104467964, 0.7903167420346993, 0.7939064857107482, 0.7941478130180911, 0.7977375566006426, 0.7976168929253948, 0.794117647094784, 0.7968929109638093, 0.7951131221863299, 0.7968929110249423, 0.7977978884256803, 0.7960180995007625, 0.8009049773611814, 0.8021116138619355, 0.8038914027005479, 0.8024434389535837, 0.8059728506283882, 0.8005429864397235, 0.802322775278336, 0.8053393665266253, 0.8041025640845838, 0.8102865762120818, 0.8099547511384139, 0.8073001507864099, 0.8053092005889341, 0.8067873303562987, 0.809200603357807, 0.8103469080371195, 0.8087179486999684, 0.8123680240895773, 0.8115535445342776, 0.8146606335201234, 0.8137858220067319, 0.8123378581770585, 0.8128205127809562, 0.8139366515657301, 0.8117345399770262, 0.8150527903289277, 0.8162292609495275, 0.8162594268009133, 0.8130920060691431, 0.8166515837175994, 0.8163800905372942, 0.8152036199238865, 0.8171644042376119, 0.8193363498778364, 0.8181598793435421, 0.8194570135854488, 0.8243137254470434]}