{"val_loss": [1.1610716425288807, 1.0055562180376307, 0.9940930842078306, 0.9978730470101463, 0.9550032062964006, 0.9605603306114993, 0.9762038404036333, 1.0284038736220986, 1.1062296998819565, 1.153807554206746, 1.2013375389129721, 1.2606510031797031, 1.3512581002138515, 1.3331839559167464, 1.4087209505958354, 1.4105575460291164, 1.4930468928303948, 1.5390471565404678, 1.5745137347512066, 1.615447282408648, 1.6361002987081354, 1.6956677356505776, 1.684105611816447, 1.7671644130110102, 1.7058623198136926, 1.7504566976698963, 1.8261268625922382, 1.8076757511863097, 1.8246085932930522, 1.8372341716735758, 1.7665890511854447, 1.7867486466188482, 1.8569534310172586, 1.8966020727030095, 1.835321837899519, 1.8360500334673386, 1.9213763480007968, 1.9391575405814432, 1.9401631108452293, 1.894431723094879, 1.8563081868829574, 1.8935161802220473, 1.93296654252445, 1.9263784120172103, 1.9026702984896573, 1.9277381573131378, 1.911775854921596, 1.9338862516153306, 2.038259153837826, 1.981711401977641], "val_acc": [0.5979679144385027, 0.6465240641583734, 0.6510160427934983, 0.6533689839699689, 0.6817112299592737, 0.6802139037305659, 0.6773262032213058, 0.6870588235166621, 0.671871657741261, 0.672727272714523, 0.6734759358416267, 0.6669518716705036, 0.6629946524191668, 0.6762566845047283, 0.6705882353068673, 0.6757219251464395, 0.669732620308106, 0.6709090909218406, 0.6735828877132845, 0.6657754010822684, 0.6691978609498171, 0.6687700534886855, 0.6663101604150579, 0.66855614974537, 0.675080213916493, 0.6719786096129188, 0.6718716577667604, 0.6678074866437657, 0.6687700534886855, 0.6668449197988459, 0.675080213916493, 0.6702673796663947, 0.666631016030031, 0.6677005347466086, 0.6720855614973262, 0.6687700534631862, 0.6776470588107798, 0.6709090909218406, 0.6690909091036588, 0.6740106951744161, 0.6809625668449197, 0.6747593582887701, 0.6741176470460739, 0.6739037433027584, 0.6793582887573039, 0.6728342245861808, 0.6812834224471433, 0.6807486630888546, 0.6722994652278921, 0.6760427807359134], "loss": [1.2959340164780078, 1.0194217694866532, 0.906716161914181, 0.8155757019638475, 0.740383856152697, 0.6523386813109098, 0.5934420760148971, 0.5194422051845453, 0.45435882065810407, 0.40171586947383564, 0.34777046370829934, 0.316517509750651, 0.27305735847709045, 0.2611895113940692, 0.21754039145612789, 0.20655676423154806, 0.19248909401408149, 0.17654784937519832, 0.161264228076417, 0.16238734643473704, 0.1399711132072036, 0.13957025903472353, 0.14026905208601312, 0.12436716568326159, 0.12682872168214074, 0.12067342018177607, 0.1140174379922326, 0.11253650256186769, 0.09842612375456104, 0.10005853571952918, 0.09729016005520907, 0.09595974641507928, 0.09021863134378402, 0.09098343283252658, 0.09237051489845839, 0.08440271923669683, 0.0783753200232713, 0.08572618977269256, 0.07714206952854519, 0.07581310565475245, 0.07511754139336346, 0.07216223352590118, 0.07859540072636367, 0.073066646807334, 0.07142243024877654, 0.06653438802713003, 0.06552709094539487, 0.0619934115751027, 0.06448603854909382, 0.0596781021064403], "acc": [0.546696832604358, 0.6424434389284114, 0.6840422322919106, 0.7125490196222274, 0.7382503770631184, 0.7714630467967211, 0.7936651583638487, 0.8164404222724304, 0.8404223227860521, 0.8570739064389225, 0.8766817496049458, 0.8880542985957852, 0.9017496229045172, 0.9073906485743113, 0.9224132729763359, 0.9278129712956343, 0.9329713423579347, 0.9368024132478291, 0.9432880844681512, 0.9434389140307454, 0.9514932126984517, 0.9503167421102164, 0.9504675716728107, 0.9562594267937213, 0.9554449471844807, 0.9585822021403824, 0.9606033182000323, 0.9603921568088043, 0.9662443438662304, 0.9657315233246413, 0.9673604826546003, 0.9663650075450742, 0.9684766213926255, 0.9693212669431533, 0.968144796408859, 0.9714027149321267, 0.9723680241075576, 0.970558069327658, 0.9739064856747877, 0.9736349924621179, 0.9744494720713586, 0.9758069381886478, 0.9740874811211323, 0.9757466063096693, 0.974932126725601, 0.9775565610608005, 0.9780693816275619, 0.9787028657904577, 0.9776168929146066, 0.9799999999748276]}