{"val_loss": [1.2388769209448667, 1.1660730842473035, 1.1521903204790411, 1.066801016254221, 1.0230830469105971, 1.0062948410141277, 1.0271549685243617, 1.0075720514333184, 0.9582082196225457, 0.9751449960820815, 0.9309755246397008, 0.9836384557147715, 0.9799188247338974, 0.973674114260444, 0.9574731454619749, 0.9100838318610573, 0.907737084314785, 0.8914066035097296, 0.9365853980263287, 0.9344445365380476, 0.9248554486769406, 0.8851843599712147, 0.8794930016293245, 0.930754009886859, 0.8898474401586196, 0.9161139529019116, 0.8895288708758227, 0.9018532671902907, 0.8972445687380703, 0.9143266262026394, 0.8361194525874235, 0.8565546085617759, 0.8816981791557476, 0.9247230852096476, 0.8687077212716169, 0.9226422142854986, 0.8529171471799759, 0.827606223783391, 0.807520868841977, 0.8637907122290708, 0.8403700327235747, 0.8199785420155142, 0.8704676330025821, 0.8223017490802602, 0.8096159289036206, 0.8293768875802902, 0.8280475982115231, 0.8544017368841936, 0.8148649812254676, 0.8205685617961985, 0.8287687867338007, 0.8219030453687046, 0.8112515574343064, 0.825430377256424, 0.8336620519505465, 0.7980046876802801, 0.795022046808253, 0.8230123830989083, 0.8128996507496757, 0.779551423666949, 0.8087659623278654, 0.835367649825499, 0.7918330491864107, 0.8199048989851845, 0.8296212283494001, 0.8057995161844448, 0.8102930910319568, 0.8181446347899616, 0.8095062055689766, 0.8058597252011936, 0.8149766854296393, 0.8139439967290603, 0.7936601733077656, 0.8443665158939871, 0.776404862837358, 0.8202000540590542, 0.7630113009973006, 0.806599162083896, 0.8170469250972259, 0.8317701286491863, 0.7950314858890473, 0.8291372704123431, 0.8196334715641757, 0.8264029200765538, 0.8414262468738352, 0.8302831161723417, 0.8268064609122149, 0.8128961778069562, 0.8007506785991995, 0.8051376972861468, 0.806598131867016, 0.834149624077394, 0.8120993815258862, 0.7974804898570566, 0.7730178693654065, 0.7647046957551477, 0.7851633491490614, 0.8031619719898, 0.8115529867289538, 0.7847916072320174], "val_acc": [0.5690909090909091, 0.5863101604405572, 0.5958288770053476, 0.6208556149605123, 0.6401069518844074, 0.6488770053603432, 0.6412834224471434, 0.6495187165902898, 0.657967914425753, 0.6529411764578386, 0.6741176470588235, 0.6530481283294963, 0.6543315508148887, 0.6592513368856461, 0.662139037433155, 0.6809625668321702, 0.6851336898395722, 0.6868449197733466, 0.6674866310032931, 0.6717647058951026, 0.674331550802139, 0.6817112299337744, 0.6886631015915284, 0.6749732620448352, 0.6864171123122149, 0.6822459893175625, 0.6870588235166621, 0.6862032085688994, 0.6822459892920631, 0.6812834224471433, 0.7053475935701381, 0.6995721925006193, 0.6897326203208556, 0.6731550802139037, 0.6970053475935829, 0.6786096256556995, 0.7022459893175624, 0.7125133689712075, 0.7133689839444696, 0.697540106939122, 0.7064171123122149, 0.7109090908963412, 0.6933689839444696, 0.7125133689712075, 0.7140106951744161, 0.7084491978609626, 0.7070588235294117, 0.7043850267252183, 0.7114438502801294, 0.7121925133562343, 0.711871657741261, 0.7134759358161273, 0.7120855615100758, 0.7114438502801294, 0.7088770053603433, 0.7204278074738814, 0.7201069518844074, 0.7112299465368138, 0.715508021403124, 0.7263101604405572, 0.7161497326075712, 0.7067379679271881, 0.7236363636236139, 0.7164705882480438, 0.7130481283294964, 0.7155080213776247, 0.7161497326330705, 0.7173262032213058, 0.7176470588362791, 0.7180748662974108, 0.722459893060878, 0.7231016042780749, 0.7287700534631861, 0.7150802138909936, 0.73144385025463, 0.7191443850139884, 0.7332620320983112, 0.7237433155207711, 0.7180748662974108, 0.7143315508021391, 0.7251336898268226, 0.7104812834224599, 0.7194652406417112, 0.7155080213903743, 0.7058823529411765, 0.7164705882225445, 0.7185026737967914, 0.7239572192385872, 0.7231016042780749, 0.7225668449197861, 0.7240641711229947, 0.7127272727400223, 0.7206417112426962, 0.7259893048000846, 0.733155080201154, 0.7342245989177316, 0.7283422459765552, 0.7263101604150578, 0.717967914425753, 0.7318716577412611], "loss": [1.5377358198526194, 1.3090731769679484, 1.235994895683597, 1.1982342884847967, 1.166221704368024, 1.1372718796695165, 1.1183220539085523, 1.0965223952234369, 1.0849981653172913, 1.072431206681568, 1.0647230862504675, 1.0472131393800759, 1.03914289116564, 1.02804937102101, 1.0175133580482114, 1.0125498935892816, 1.0058621637104774, 0.9986026966426966, 0.9898549605473738, 0.9863511587741448, 0.9849181156027874, 0.9693182219489341, 0.9638947103401557, 0.963068060468375, 0.9631103338241462, 0.948502222096438, 0.954038796452681, 0.940445823872343, 0.945018427394463, 0.9376092459754279, 0.9409668755428979, 0.9274442567146798, 0.9251704777172699, 0.9302587912908915, 0.9238244241543435, 0.9199740524679365, 0.9243044864020141, 0.9065305063941131, 0.9094460642677203, 0.9007360173318043, 0.9010855430221569, 0.8966823360374168, 0.8959874197338971, 0.8990400734463994, 0.8889304057312207, 0.8807182277314703, 0.8946250176145831, 0.8790777102171319, 0.87302823688015, 0.8790872473530243, 0.8687856245133131, 0.8697430231778299, 0.8691660057516202, 0.8681992975283237, 0.8658357672562214, 0.8650563186640204, 0.866083857680667, 0.8527719167226719, 0.8634164294719207, 0.8531434370539867, 0.8554876375091709, 0.8569958510518773, 0.8466101729516027, 0.851538240787074, 0.8512775141166846, 0.8451816282897534, 0.8480535787127438, 0.8412866296311615, 0.8489793004179955, 0.8347185407431951, 0.8261935680171423, 0.8459151783810362, 0.8395724887499684, 0.8270275023347744, 0.8319383282431709, 0.8241180226036537, 0.8221367976040446, 0.8241598120639642, 0.82738878428918, 0.8164805486291162, 0.8239451983254168, 0.8190086597089993, 0.8132857531047909, 0.8227031401240941, 0.8102886084705196, 0.8145515954471418, 0.8089451661869197, 0.816246801464885, 0.8081287546834379, 0.801161848355873, 0.800675588142941, 0.7998369760084377, 0.8088492807148374, 0.794786952335092, 0.8004968899744623, 0.799873942353679, 0.79801198579103, 0.792971402963358, 0.794941357287791, 0.788675604326754], "acc": [0.45744423621122965, 0.5382336939843297, 0.5635616273248181, 0.5788551048511736, 0.5901287553359827, 0.5988031191170262, 0.6053315601657007, 0.6144221470019342, 0.6167633902628784, 0.6208970561783007, 0.6248262104709658, 0.6304479235822514, 0.6313244272393874, 0.6370065889363997, 0.6447137762411671, 0.6423562836389058, 0.647041044514535, 0.6492474158722639, 0.6499727981551587, 0.6518164782939753, 0.6517560297550878, 0.656924378902183, 0.6591005258625612, 0.6604606177983691, 0.6601281509299682, 0.6654173971332201, 0.6632110258259335, 0.6671905222437138, 0.6683593277284938, 0.6688829787234043, 0.6690847539127759, 0.6746660218967793, 0.6737290696899468, 0.6705555220198791, 0.6757843196986556, 0.6756528046421664, 0.6748881634446848, 0.6820709666152002, 0.6772350843437117, 0.6843982348885681, 0.6815571541013131, 0.682917246015503, 0.6835217312386381, 0.680861995974367, 0.6837333011049274, 0.6869975215671126, 0.6816780511502638, 0.6903826391971479, 0.6911382457729062, 0.691138245740479, 0.694644260430274, 0.6926192347144285, 0.692377440566085, 0.6933143927512992, 0.6955207640225557, 0.6947651575080488, 0.6927401317922033, 0.7003264220948592, 0.6940095508890545, 0.7005258704061895, 0.6981622535708795, 0.6959741280696156, 0.7018074110075575, 0.6993894699096449, 0.7004473190933677, 0.7000544036644615, 0.7011122529562747, 0.7048600617007348, 0.7002961978055989, 0.7052405705996132, 0.706534880880375, 0.7039712282398453, 0.7008221497480648, 0.7056458924864869, 0.7082451792695189, 0.7103911019910789, 0.7127485945537071, 0.7084567491249991, 0.7088496645034631, 0.7121743335405659, 0.7067641903063785, 0.7087892159357516, 0.7138668922979353, 0.7109955872718623, 0.712023212223973, 0.7127961798839458, 0.713245073121918, 0.7127961798839458, 0.7133357513449584, 0.7174333554833816, 0.717661992263056, 0.7152097690582506, 0.7149851900709877, 0.7189011121856866, 0.7176449253352588, 0.7183230565488158, 0.7151363113875805, 0.7193677083566674, 0.7217856495626703, 0.722299461968467]}