{"val_loss": [1.411913249097406, 1.4489968390388286, 2.522873180588299, 1.2597498011716546, 1.3743245981848813, 2.1567484614428354, 1.535102833630567, 1.7868686159791793, 1.4953075297248555, 1.587688313218999, 1.2858780418934033, 2.1790793038817013, 1.5401089039715854, 1.3203019808702927, 1.5690765119746406, 1.8971872866982444, 1.4249240463685224, 2.392638484883436, 2.127940922471929, 2.6993268250144102, 1.5021505607768175, 3.002436635022495, 2.081878571994802, 2.200662656722859, 2.1025369735197588, 2.000258882746977, 2.016004719632195, 2.5784600579164882, 2.009604114899661, 2.1216964536044687, 2.345807819876441, 2.0658768066875437, 2.219500211126664, 2.4010238427146873, 2.0455052365083746, 2.471465184140333, 2.114741451625518, 1.8918889737256708, 2.3424158969409965, 2.335978833443341, 2.2624279689788818, 2.1807858609770707, 2.65428018840239, 1.9751162326017166, 2.341095580034715, 2.6608694096937535, 2.0918300036568054, 2.2221681549459853, 2.3279043492913885, 2.4100970428895185, 2.237186830400783, 3.368459264785848, 2.275429403667144, 2.7854375248669303, 2.204269915902041, 2.4508222692153034, 2.433929291013728, 2.5298012960913345, 3.2103219322469783, 3.754210843529931, 3.0003466521482416, 2.296753429729033, 2.3801820529845945, 2.840209099366703, 2.734537704794165, 2.907999628240412, 2.6311472006405103, 2.5939171840545328, 3.259895106942896, 2.8166551830169353, 3.01008627687546, 2.9574966233809366, 2.5085121664771424, 2.8240437988546443, 2.8648727095445845, 2.7242547801726644, 2.925705612509008, 2.900511694081964, 2.614282705305732, 2.53047516968161, 2.7543262652024865, 2.7955815657447367, 2.7757893624280228, 2.598739658498509, 2.6855009527767404, 2.7497205315554205, 2.517329354158697, 2.567402656728571, 3.4217776284243335, 2.571152356958644, 2.5951789328121246, 2.8933285917190306, 3.2043030770449716, 3.6566828987815163, 3.288186199728818, 2.8970254225909393, 3.125649106795775, 3.128848312143336, 2.798174911144583, 2.8926426305617876], "val_acc": [0.4874866310224176, 0.5004278074866311, 0.364278074872685, 0.5720855614973263, 0.5280213903743316, 0.3579679144448775, 0.5730481283549956, 0.5124064170995498, 0.5622459893175625, 0.5711229946524065, 0.6248128342245989, 0.4838502673924288, 0.5687700534759358, 0.6141176470588235, 0.5968983957219252, 0.5501604278074866, 0.6179679144512523, 0.49165775402344486, 0.5357219251464395, 0.48759358289407534, 0.6234224599057978, 0.504598930494033, 0.572513368990332, 0.5631016042844497, 0.5783957219378834, 0.5688770053539685, 0.6059893048128342, 0.5193582887700535, 0.588663101604278, 0.6074866310287924, 0.5317647058887278, 0.584812834224599, 0.584919786083507, 0.5719786096320433, 0.5939037433218829, 0.5672727272727273, 0.5981818181818181, 0.6340106951999155, 0.5989304812961721, 0.6029946524191667, 0.5947593583015197, 0.6140106951744161, 0.5696256684491978, 0.6250267379679144, 0.5870588235294117, 0.5497326203208556, 0.6195721925197438, 0.5937967914502251, 0.5966844919849844, 0.5853475935892626, 0.6187165775528566, 0.5221390374395299, 0.6237433155080214, 0.5627807486694765, 0.6195721925197438, 0.618181818188193, 0.6124064171250492, 0.5975401069582464, 0.56331550803414, 0.5234224598930481, 0.5645989304876583, 0.6253475935828877, 0.6235294117647059, 0.5829946524127919, 0.5836363636363636, 0.5793582887764283, 0.6178609625795946, 0.6125133689839573, 0.5688770053539685, 0.5897326203208556, 0.5780748663165353, 0.5902673796855192, 0.619144385026738, 0.5966844919786096, 0.5814973261904589, 0.6063101604278075, 0.593368983963594, 0.5968983957346747, 0.6249197860962566, 0.6288770053475936, 0.6105882353004924, 0.6109090908963413, 0.601604278087616, 0.6255614973262033, 0.6081283422523641, 0.6044919786096257, 0.6143315508085139, 0.6272727272854769, 0.5626737967914438, 0.6253475935828877, 0.6242780748726849, 0.6069518716641288, 0.5641711229946524, 0.5310160427871234, 0.5764705882352941, 0.6031016042844497, 0.5891978609625669, 0.5975401069518717, 0.610267379691894, 0.601176470600985], "loss": [1.4037251240887074, 1.10118279944358, 0.9944669035225432, 0.9054929359789887, 0.826536849080887, 0.775296841890384, 0.7208853026932361, 0.6758147267087012, 0.6316141812186435, 0.6003397111943045, 0.5690470144004304, 0.5375349678065442, 0.5086706554260368, 0.49469384548351236, 0.4612602117194669, 0.439149850713002, 0.4408842671690663, 0.4137418952229156, 0.3900339613511012, 0.37193694391221843, 0.3598298280073687, 0.3468322742938276, 0.33460871595422964, 0.316908897934636, 0.3162791036480692, 0.29519903435606404, 0.2842947223894916, 0.27423420647330593, 0.263119287569958, 0.25719112764116864, 0.2511077215912475, 0.24227919575135992, 0.23215263794719904, 0.23317697169464277, 0.2171371978584278, 0.21926349577860596, 0.20437749378641626, 0.20090590297007094, 0.20620975980661574, 0.19145810276314865, 0.21553537995207545, 0.1876135178712698, 0.1798018601986258, 0.17073436763536518, 0.19559500761431267, 0.18786985396619657, 0.1659296585477855, 0.16513473875472268, 0.16249923815105116, 0.15035657955510584, 0.1596272464687648, 0.1562549138716443, 0.1457348504651276, 0.15137973851298134, 0.14365550479468178, 0.13449504439152923, 0.14335341148606612, 0.13123358375301547, 0.1344286625417649, 0.1354233638292704, 0.12739285139027046, 0.12950346172530186, 0.13217004550842856, 0.1207302470653575, 0.13024433000684685, 0.11735470466304508, 0.12498544002336705, 0.11400748518077856, 0.11574226705534425, 0.11364649988991822, 0.11275131960732365, 0.11708696034833856, 0.10780033681412449, 0.10482090225412341, 0.12338876820207316, 0.10793197453921018, 0.11144525875760239, 0.10533448515794216, 0.10353698031282893, 0.10575787566298812, 0.10482162020032941, 0.09484405066059455, 0.1037515821727063, 0.09819394749214207, 0.11192231447156378, 0.09159781065821468, 0.10141012934290805, 0.08741281939420405, 0.09774716341365157, 0.08465758746768015, 0.09324533538884437, 0.09308914776413868, 0.08635085626964656, 0.0923524073588902, 0.08794446233036292, 0.08383654690986755, 0.0803482102308855, 0.08559644444720597, 0.08249805318874337, 0.08765754102312062],