{"val_loss": [1.242451535839448, 1.2082029870104662, 1.1327220747305111, 1.1499301925827474, 1.1974491184663008, 1.2339380831386955, 1.149101371012907, 1.3927621489667636, 1.10001266337971, 1.1245972494135565, 1.2236753615211038, 1.2073053859261906, 1.1128638292888906, 1.120657530417417, 1.2044240416052507, 1.1129780280398813, 1.2241898206338526, 1.1864078529250812, 1.2150426573166873, 1.3356435368532802, 1.2751730992067307, 1.1682697825253328, 1.167751109051832, 1.3103278970718384, 1.1706456552342297, 1.145288272222733, 1.1712978669028868, 1.220827779451156, 1.2062613443384833, 1.1919961657753602, 1.1529380243474787, 1.1927877408935426, 1.2032723117639674, 1.1954404229403817, 1.3449129268064857, 1.2458105751792377, 1.2624008708331673, 1.1726074159591593, 1.2180788705948202, 1.2059940855260838, 1.2308208320995067, 1.2974167838326112, 1.2087972235297137, 1.2185887851562092, 1.2803842466655262, 1.2360433841644123, 1.2919062896718316, 1.1985241631900563, 1.2774980420352304, 1.28755813295191, 1.288677458712124, 1.2907723180750474, 1.2485672668212238, 1.2422975174755975, 1.2961812154239511, 1.4465645712327193, 1.2637885712557297, 1.2898568429028925, 1.263193263982069, 1.419483795523006, 1.2478537136220678, 1.2620662466854973, 1.281846094309965, 1.4094248811446408, 1.2923202586811493, 1.3283210144578455, 1.3651041568664306, 1.286138335013772, 1.2970166993013679, 1.3810245543495219, 1.3424023582591094, 1.2996018316146525, 1.405173872090916, 1.3537515442384118, 1.3064819413455413, 1.3028472716540576, 1.3772896027055017, 1.3604106228746833, 1.387050104600223, 1.3264305161409837, 1.2910729626793276, 1.3163675482387849, 1.2953272341406918, 1.3327808726152635, 1.3258954688444495, 1.452182535054212, 1.3195214467125143, 1.3078534884376323, 1.3360293813695245, 1.3977056838866861, 1.3868826650680706, 1.3544685502740788, 1.3510487603121262, 1.3776275913983105, 1.3956721223994373, 1.3479383194510313, 1.4082594252142677, 1.3447648430125598, 1.3363301257016187, 1.359188045358913], "val_acc": [0.5582887700407263, 0.5757219251464395, 0.603208556136983, 0.5995721925261186, 0.5798930481155926, 0.5853475935828877, 0.606951871657754, 0.5417112299592737, 0.6262032085688994, 0.6188235294117647, 0.5971122994779903, 0.6031016042908245, 0.6248128342373486, 0.6266310160555304, 0.6124064171250492, 0.6389304812706728, 0.5982887700662256, 0.6207486630888546, 0.6080213903615819, 0.586524064171123, 0.5935828877069096, 0.6279144385154235, 0.6250267379806641, 0.5954010695314662, 0.6335828877132844, 0.6438502673796791, 0.6320855615100759, 0.6245989304685338, 0.6229946524064172, 0.6302673796791444, 0.6388235294245144, 0.6278074866182664, 0.6398930481410919, 0.6335828877005347, 0.605668449197861, 0.6214973262159582, 0.6164705882352941, 0.6365775400942022, 0.6305882352941177, 0.6341176470588236, 0.6253475935956374, 0.6089839572192514, 0.6297326203336052, 0.631550802151787, 0.6159358288642557, 0.6332620320728118, 0.6232085561497326, 0.6417112299465241, 0.619572192513369, 0.6182887700662256, 0.6214973262032085, 0.6235294117774556, 0.6324064171122995, 0.6387165775401069, 0.6150802139037433, 0.620748663114354, 0.632192513368984, 0.6195721925006193, 0.6308021390374332, 0.6056684491851113, 0.6343315508148887, 0.6341176470460739, 0.6345454545582042, 0.6105882353068673, 0.6298395721797637, 0.6187165775273573, 0.6103743315635518, 0.626951871657754, 0.6358288770053476, 0.6161497326203208, 0.6147593582760204, 0.6281283422587389, 0.60855614974537, 0.6208556149860117, 0.6279144385154235, 0.6282352941303967, 0.6154010695314662, 0.6193582887828031, 0.6081283422459893, 0.629839572205263, 0.6303743315635518, 0.6291978609753165, 0.6373262032085562, 0.6216042780748663, 0.6274866310287924, 0.6126203208683646, 0.6256684492106106, 0.629411764718632, 0.6270588235294118, 0.6116577540234448, 0.6201069518716578, 0.6239572192385873, 0.6311229946651561, 0.6308021390374332, 0.6210695187229524, 0.6310160427807486, 0.6091978609689417, 0.6254545454672951, 0.6316577540106952, 0.6227807486758513], "loss": [1.5257347075288292, 1.2661450644244256, 1.1662934296738867, 1.0959648097514387, 1.0381758015763527, 0.9833225029590084, 0.9530377335569977, 0.9209621682425969, 0.8914775908982232, 0.8561336642081202, 0.8406858332556297, 0.8150367607502197, 0.8007306557974664, 0.7733136878150261, 0.7608656933404742, 0.7468927839618642, 0.7288330476675997, 0.723479279795743, 0.7089401450236279, 0.6951724496758002, 0.6853833163413886, 0.6816310706829054, 0.6682065573788696, 0.6564761063236277, 0.6526610490819088, 0.6394600838233983, 0.6284655595257271, 0.6271638875489501, 0.6146067672437492, 0.6096270842178195, 0.6048499808591955, 0.597090274967579, 0.5867450418119876, 0.5873588799567244, 0.5767422494773232, 0.577223113879539, 0.5695132853722321, 0.5624281776742518, 0.5580310874862728, 0.5486000885646987, 0.5500669522594722, 0.5436488516963625, 0.549999965743961, 0.536310809363427, 0.5292722140933593, 0.5303975020202936, 0.5247459975015344, 0.5210569416541679, 0.5243069790031756, 0.5175995388973172, 0.5156203726010444, 0.5113322058000895, 0.505341811888538, 0.5116718219991543, 0.5043335807107693, 0.4858881764516212, 0.5046292479221638, 0.5023318639527978, 0.48806552067781106, 0.4942430227806126, 0.49239729727015774, 0.4917647075005786, 0.47783117879749604, 0.4795216428927886, 0.47698517282444247, 0.47433611977334117, 0.47085266202643267, 0.46712000932808556, 0.4651265514094725, 0.46203156404545587, 0.469680299435266, 0.4731124934495664, 0.4591423341735276, 0.45627763215233297, 0.45856606506114633, 0.44961553652541847, 0.4586178486685228, 0.44215898855239555, 0.4584700847283388, 0.45026519333794823, 0.44692205383407224, 0.4472648283870691, 0.44641886356009974, 0.44781452735984306, 0.4404389118069437, 0.4412797503683542, 0.43621378946448164, 0.436592260324038, 0.4390741819637753, 0.4294777557285303, 0.431486396548615, 0.43721442260533616, 0.4222790844120411, 0.4283336560542767, 0.42547103867271907, 0.42422160966004363, 0.4254205044290419, 0.42475763793085136, 0.42033745163885894, 0.4168410747443209],