{"val_loss": [1.6227683150959524, 1.294526894309304, 1.6901210591882307, 1.2391340505630575, 1.3403327934627227, 1.369651638875033, 1.4450127701453346, 1.3790921499129922, 1.1082134500289347, 1.1452040032269484, 1.3131675327397923, 1.4178997996529157, 1.2746375270833306, 1.287509924434723, 1.3817254384443722, 1.7225050567178166, 1.539713882826229, 1.4328053912249479, 1.3540216356547758, 1.60508187826942, 1.4962175202879677, 1.4877502578465058, 1.7798921783212671, 1.5076672565490805, 2.021672570539668, 1.6190735496429198, 2.0267881048171916, 2.150414985743436, 2.5255182303464347, 2.4444852565316593, 2.0687436262681524, 1.8072501705547068, 1.7485938640584282, 2.1672990773960867, 1.810418043085598, 2.2786239403964363, 2.3504335367998337, 2.362708850289411, 2.0801778827249047, 2.3400556415415066, 2.0202639415557373, 3.111914324530943, 2.298293518484595, 2.105049693444196, 2.494115943628199, 2.3546843710302667, 2.787233713527414, 2.6689169561926693, 2.4020520752636507, 2.3968458500010446, 2.6461815336808803, 2.34792215831777, 2.4414577207718304, 3.313275581732153, 2.775666886778439, 2.8458159045867104, 2.804667281747502, 2.847183508490496, 2.787642224000737, 3.9761089936679697, 3.1173408491471233, 3.1984857302553515, 3.1165057849884032, 2.8862432573313384, 2.8680015165155583, 3.3280291159777717, 3.058202926640842, 2.8693686802501985, 3.13362384668646, 3.4689024415245666, 3.3938646693918155, 3.3256988718675418, 3.1240154427003097, 3.0405769679635606, 3.0828845843656816, 2.993092237105344, 3.172318599721327, 3.2360763263192407, 3.2191421854049764, 3.4318189671970307, 2.923689859563654, 3.6270968830394237, 3.4797880885180303, 3.007030249865935, 3.256621911053989, 3.27851371086855, 3.309442513970768, 3.144650087968551, 3.5615101361402215, 3.440391994593615, 3.195206582482486, 2.9253498819422594, 3.33237177660121, 4.1763790946593256, 2.9562412353760417, 3.534655643758927, 3.0570422172546388, 3.4900914507881207, 3.761726527749536, 3.3032793043513986], "val_acc": [0.42021390375606515, 0.5387165775401069, 0.4218181818181818, 0.554331550802139, 0.5363636363763861, 0.555935828889755, 0.5410695187293272, 0.5475935828940753, 0.612620320855615, 0.6156149732747818, 0.5713368983829723, 0.5516577540170701, 0.5980748663101604, 0.6066310160491556, 0.5866310160427808, 0.5272727272759147, 0.5679144384899242, 0.5931550802202785, 0.6032085561624823, 0.5545454545518294, 0.5851336898268226, 0.5965775400942022, 0.5752941176534336, 0.5967914438566422, 0.5597860962439348, 0.595614973268407, 0.5613903743443005, 0.5162566844919786, 0.4903743315539896, 0.5157219251464394, 0.5666310160555305, 0.604812834224599, 0.6073796791507599, 0.5745454545454546, 0.6074866310160428, 0.5857754010695188, 0.5797860962566845, 0.5690909090909091, 0.5856684492106106, 0.5701604278138614, 0.5957219251336898, 0.5159358288833802, 0.5823529411828454, 0.6054545454545455, 0.5709090909090909, 0.5875935828877006, 0.5413903743347382, 0.5580748663165352, 0.6068449197988459, 0.6084491978609625, 0.5761497326266957, 0.5962566845047282, 0.5981818181818181, 0.5316577540106951, 0.5735828877005348, 0.5741176470715732, 0.5783957219251337, 0.5906951871657754, 0.5719786096256685, 0.4960427807486631, 0.5689839572256261, 0.5450267379806641, 0.5396791443882142, 0.5796791443977763, 0.5925133689967069, 0.5469518716705036, 0.5792513368983957, 0.5755080213903744, 0.5503743315635518, 0.5684491978609626, 0.5387165775464818, 0.5647058823529412, 0.5877005347657331, 0.5890909091036588, 0.5818181818181818, 0.5843850267379679, 0.5622459893175625, 0.5770053475967704, 0.5792513369111454, 0.5556149732652195, 0.5930481283486209, 0.5316577540138826, 0.5425668449197861, 0.5947593583015197, 0.5565775401197015, 0.568128342258739, 0.5775401069582465, 0.5819251336898396, 0.541925133693027, 0.5746524064234871, 0.5783957219315086, 0.6025668449197861, 0.5811764705914227, 0.5340106951935406, 0.5929411764705882, 0.5597860962598719, 0.6040641711293695, 0.5809625668576694, 0.5579679144512524, 0.5924064171186743], "loss": [1.4816720575804445, 1.223121358647066, 1.1200697288757715, 1.0530936140172622, 0.9889286957283365, 0.9378520001653093, 0.8905211427165013, 0.8491052979437654, 0.8033029672606858, 0.7657699580753551, 0.7341224894084901, 0.7018814574719194, 0.668201472518311, 0.6316432396786605, 0.5997164153585247, 0.5766880460202604, 0.5507770051783566, 0.5247615045210176, 0.5002425250999888, 0.478454470859214, 0.45717606197295324, 0.4294779025735179, 0.41658581029595654, 0.39401008277996635, 0.369208743755634, 0.3617562914577904, 0.34286045156812595, 0.32226164958775494, 0.30823713533299363, 0.2943942497048083, 0.2824021782630529, 0.27871473064070196, 0.2613434990265071, 0.23768431539269413, 0.2478330005321028, 0.22506504323687487, 0.21635190389454814, 0.21364752813072405, 0.20306519922717484, 0.19869456857937315, 0.19461011814945245, 0.19650056357027718, 0.1797725002914892, 0.1594657741997217, 0.17356547844535805, 0.16257742510482018, 0.16149595205420642, 0.15542850810298373, 0.15029999855057327, 0.1356978121368414, 0.1431156026615816, 0.13886041343841438, 0.13076166095417188, 0.1217852800113583, 0.1368856921702129, 0.12101003094720984, 0.12272295609543586, 0.14154772773677227, 0.12519836424297875, 0.1120020056274322, 0.11531829570842904, 0.10759465912303594, 0.11602447960171765, 0.10356474810011607, 0.11241744226460004, 0.10575383613462003, 0.0925483791923451, 0.11447961027985425, 0.09809687970090955, 0.09522673635730916, 0.09435642513439486, 0.09478534677898902, 0.10644283275753484, 0.09161585541602174, 0.0895899442561971, 0.09288471500033886, 0.08341779443799191, 0.08317378584840539, 0.08133517815246841, 0.10767561759434495, 0.07125666545673104, 0.07753735686600388, 0.10154769105699088, 0.07547524793250529, 0.07755935763903693, 0.09861427170546166, 0.07753783836578712, 0.0520240079794714, 0.0689071603890278, 0.09157455773599907, 0.09096677396631889, 0.06219696247132655, 0.0625269233780389, 0.08263298595383156, 0.0784805312959497, 0.07300671608132475, 0.05701880136676144, 0.06033765928597831, 0.09527355682391386, 0.05558641851847348],