{"val_loss": [1.5173000110024437, 1.610786677235588, 1.46734885672197, 1.83989865991521, 1.7141304008335991, 1.7904259027644274, 2.0988551093677787, 2.0291490178694698, 1.8451827510155459, 2.6788438182718615, 1.7752043198519212, 2.604330509410185, 2.188724221163255, 2.4587569491238517, 2.6955958706809877, 2.931377284973063, 3.0859369102263834, 3.232960220760203, 2.8559478349481675, 2.9948979059005167, 2.9800412549819537, 3.4017391378229314, 3.344848553229143, 2.932046295844297, 2.934664291902022, 2.6869917166806796, 3.4588195650335303, 3.258706266637792, 2.8038476806783423, 3.2915905226488165, 2.606876051540681, 3.100519450029587, 3.6425562137460963, 3.1756739243594083, 3.4590347057230333, 3.0081955828386193, 3.223188320315458, 3.5855403307032456, 3.5946145587043965, 3.1995281228662176, 3.761190236494503, 3.1650322367418258, 3.014366571737483, 3.220625360955529, 3.6807302752408115, 3.118366655512927, 3.040907263806797, 3.6147579275223025, 3.495761811618499, 2.874025677104685, 3.011090043929809, 3.8699538819930135, 4.31901724432879, 4.061438219534522, 3.0559281071239615, 3.2591967654100715, 3.711113164310149, 3.5161149638986844, 3.251980258360266, 3.435567375682892, 3.0961986465632596, 3.6386964776681707, 3.186726812321872, 3.1212855788603187, 3.2286919650674504, 3.5352033978732513, 3.7612708521654263, 3.6562117613955616, 3.8706976707223903, 3.8640256129484127, 3.6872994686575495, 3.2810157992368074, 3.4403417361866344, 3.6053715532986237, 4.066262519601832, 3.5867295120361655, 3.80500141322294, 3.9078402339200924, 3.4062970820340244, 3.3886517574187907, 3.155745644747892, 3.127693130676759, 3.6242179373878844, 3.468979162175388, 3.9315404803995144, 3.4138101836576817, 3.532561934976017, 3.2760754863208628, 3.517506912506838, 3.5395345153655597, 3.485809532257325, 3.8949102891320213, 3.878393438053641, 3.747777172231419, 3.485940297376663, 3.8943388509495374, 4.570191276162704, 3.591638046126952, 3.662592212860597, 3.703377406316645], "val_acc": [0.5109090909218406, 0.4948663101604278, 0.5452406417239796, 0.5081283422587389, 0.5075935829004502, 0.5264171123058401, 0.49112299465240644, 0.5157219251400647, 0.5587165775273573, 0.47037433155717695, 0.5855614973262032, 0.531336898395722, 0.5540106951999154, 0.5291978609753165, 0.5170053475808333, 0.52855614974537, 0.5287700534886854, 0.5225668449070364, 0.5374331550674643, 0.5546524064298619, 0.5689839572192513, 0.5187165775401069, 0.5561497326203209, 0.5609625668449197, 0.5568983957346748, 0.5836363636363636, 0.519893048134717, 0.5576470588235294, 0.5942245989304813, 0.5497326203336053, 0.6012834224726427, 0.56641711230584, 0.535828876992598, 0.5666310160427808, 0.5526203208683647, 0.5862032085688994, 0.5556149732492824, 0.5377540107079368, 0.5306951871657754, 0.5700534759485786, 0.5329411764578386, 0.5793582887828032, 0.575508021403124, 0.5595721925261187, 0.5422459893048128, 0.5780748662974108, 0.5822459892920632, 0.5532620320855615, 0.550267379691894, 0.6010695187165775, 0.6014973262032085, 0.5171122994652406, 0.5016042780812411, 0.5329411764833379, 0.5990374331550802, 0.5767914438502674, 0.5577540106951872, 0.572513368990332, 0.5777540106951872, 0.5853475935828877, 0.589411764718632, 0.5642780748790598, 0.586951871657754, 0.5997860962566844, 0.5882352941048974, 0.5613903743315508, 0.5535828877005348, 0.5731550802011541, 0.551122994665156, 0.5474866310160428, 0.556791443863017, 0.5863101604405572, 0.5725133689967069, 0.5721925133689839, 0.5440641711229947, 0.5747593582951449, 0.5561497326330705, 0.5410695187229524, 0.5852406417112299, 0.5859893048000846, 0.6062032085561497, 0.6059893048128342, 0.5667379679144385, 0.5839572192385872, 0.5609625668576694, 0.5865240641838727, 0.5777540107079369, 0.6031016042908245, 0.5755080213903744, 0.5656684492106107, 0.5866310160555304, 0.5551871657754011, 0.5515508021390374, 0.5702673796791444, 0.5806417112299466, 0.5647058823529412, 0.5178609625795946, 0.5791443850139883, 0.5743315508085138, 0.5656684492106107], "loss": [1.3526283138154318, 1.0678457461259303, 0.9275053095601803, 0.8091919378421605, 0.700207545591875, 0.6065341214284997, 0.5157524919150283, 0.4454450549439248, 0.37484252655667955, 0.3223828010501545, 0.28047380422754703, 0.24789648809584017, 0.21813165689845251, 0.18604040100743507, 0.1744162709761529, 0.16624125201238227, 0.1463365425387479, 0.1429428244720397, 0.13079981585793185, 0.1165222535395874, 0.10689528407734084, 0.12164672391536908, 0.1053472250767423, 0.10084558815348382, 0.08975523586052035, 0.0881837870794184, 0.07583484630689002, 0.08804416355234465, 0.08456856156905852, 0.0803904721612844, 0.07279752878424449, 0.07753119255442785, 0.0824840002121519, 0.06442558943640952, 0.07050256989952486, 0.06654223789793873, 0.06028654711548559, 0.06233473686127731, 0.059612707761348104, 0.062209827882177327, 0.05775226579082857, 0.04838412771217784, 0.061019793480162704, 0.05443009708396989, 0.05114177479890497, 0.05516669400946587, 0.04198972897460827, 0.04519323925514387, 0.0595081464254029, 0.04610031282245484, 0.03484121833429257, 0.05580142277128556, 0.03939924279848735, 0.04537276944300078, 0.04544225333851297, 0.035505896974383076, 0.04357478028284119, 0.04198575799225592, 0.03929940821093031, 0.03845421562142681, 0.044048428388247844, 0.03728030848242399, 0.04054161223452286, 0.03672590267829046, 0.04089682863803291, 0.036922415326128895, 0.0338438812703973, 0.03442643489975196, 0.030844415814516052, 0.036088700113455635, 0.038911919113962176, 0.03308876806490831, 0.030592307127214304, 0.03716083592155086, 0.033439180767599094, 0.030746304323084842, 0.028552433428597576, 0.03326997846477352, 0.03556197440275588, 0.033632118796134654, 0.025370723705733164, 0.02621809558293938, 0.023030507737099224, 0.039742095814301416, 0.031520655951989454, 0.020451754130378117, 0.023990127787185022, 0.02767702770370254, 0.030917565160477323, 0.024589620289332367, 0.028720820675383507, 0.029586375826916363, 0.029826478946049378, 0.027948363893925243, 0.02264468276398439, 0.020381303411988516, 0.024052816572701658, 0.02809717634718073, 0.02803068033996885, 0.024997761128652915],