{"val_loss": [1.3699467654916693, 1.2765170284006047, 1.2262237098000266, 1.1957070639044205, 1.1956812792028335, 1.1493160750394198, 1.1683463759345805, 1.1401762447510173, 1.1434502306596481, 1.1265922851103511, 1.1257529866886649, 1.0918838365065222, 1.08796442415625, 1.07023887610053, 1.0849389175807729, 1.0917501190129448, 1.167277826714643, 1.0959609698611785, 1.0785746878481166, 1.1166874025849736, 1.0802291645850728, 1.0913511589249187, 1.1393001527709756, 1.1401747067599373, 1.143237564831494, 1.1044218402750352, 1.0582431680123436, 1.0712390478664542, 1.0904082137760631, 1.063619658092764, 1.0656711049003398, 1.088631412192462, 1.0642116848797722, 1.0945496979881735, 1.0968934658631921, 1.0926312252034478, 1.1131674069899289, 1.069858861951267, 1.1144884316169004, 1.078372908480027, 1.0848254058832791, 1.0685570097734585, 1.0792099555928438, 1.0623835742282357, 1.083316539404864, 1.0959688318604455, 1.112866354970371, 1.1063890267948415, 1.074818173309061, 1.1019716293161566, 1.0841730391022992, 1.0874987874694049, 1.103434698339452, 1.0756307098699764, 1.0747516818735052, 1.066640691310964, 1.0799958431019503, 1.0701398036951688, 1.0873875586616801, 1.065145598006121, 1.0731322099945761, 1.1032707832458823, 1.0835088707419003, 1.1050696759427932, 1.0663854402271822, 1.088280712372479, 1.0649749879403547, 1.0652720772008846, 1.0828640405379515, 1.067887369553673, 1.0421783349220766, 1.074486126058242, 1.135586728067959, 1.1118759733597863, 1.0616983834944944, 1.1137254908633105, 1.0827596463111633, 1.1049551220373675, 1.096753243227056, 1.0683590778820018, 1.0988425279173621, 1.080951409072162, 1.1199101106623277, 1.0902843732884862, 1.0833940608488684, 1.0579049437951276, 1.0985114673879695, 1.0802991589632902, 1.080357467847712, 1.067849623595967, 1.0969000417663453, 1.1182583094535665, 1.0950681979133483, 1.0930300176462389, 1.0934122839203493, 1.0640059564075368, 1.101097624174414, 1.0855180336319827, 1.0560261753026177, 1.080636667325535], "val_acc": [0.5174331550865887, 0.5460962566717423, 0.5642780748790598, 0.5754010695187166, 0.5695187165647905, 0.5924064171250492, 0.5786096256556995, 0.6005347593582888, 0.5928342246116801, 0.6051336898395722, 0.6063101604405572, 0.6197860962694342, 0.6132620320983112, 0.6231016042780748, 0.6160427807614127, 0.6166844919913593, 0.58855614974537, 0.6130481283294963, 0.6128342245861809, 0.6111229946524064, 0.617112299452491, 0.6171122994779903, 0.6081283422587389, 0.6043850267507176, 0.6040641711229946, 0.6174331550929636, 0.6311229946651561, 0.627379679144385, 0.617860962566845, 0.6236363636363637, 0.6239572192513368, 0.6185026737967915, 0.6289839572192514, 0.6156149732747818, 0.6186096256684492, 0.6229946524064172, 0.6104812834352096, 0.6265240641711229, 0.6157219251209402, 0.620748663114354, 0.621604278087616, 0.6235294117774556, 0.6249197860835071, 0.6309090909090909, 0.6189304812961721, 0.6194652406544608, 0.6150802139164929, 0.6193582887828031, 0.6254545454672951, 0.617647058836279, 0.6269518716705037, 0.6249197861090063, 0.6168983957346748, 0.6252406417239796, 0.6287700534886855, 0.6263101604150578, 0.623743315520771, 0.630588235281368, 0.6237433154952717, 0.6318716577412611, 0.6290909090781595, 0.6154010695314662, 0.6227807486758513, 0.6216042780621166, 0.6330481283294963, 0.6250267379679144, 0.6291978609753165, 0.6274866310287924, 0.6312299465368139, 0.6305882353068673, 0.6368983957219251, 0.6288770053603432, 0.6135828876877851, 0.6182887700662256, 0.635935828889755, 0.6205347593710384, 0.6299465240769208, 0.6208556149860117, 0.6267379679271882, 0.6333689839699689, 0.6224598930353786, 0.6320855615100759, 0.6195721925261186, 0.6290909091036587, 0.6313368984084716, 0.636791443863017, 0.6194652406289616, 0.6300534759485785, 0.6297326203336052, 0.6340106951744161, 0.6274866310032932, 0.6202139037305658, 0.6270588235421615, 0.6283422459765552, 0.6272727272599776, 0.6342245989432309, 0.6243850267507176, 0.6287700534886855, 0.632192513368984, 0.6308021390501828], "loss": [1.6769206471536673, 1.417477080199873, 1.3378686008338296, 1.2825697311988244, 1.2533755151538648, 1.2144406725090913, 1.1945786109193597, 1.172818774162914, 1.1530935707495042, 1.1385747459607247, 1.1243309189938853, 1.1172724208932476, 1.1120569682229158, 1.0945508997688467, 1.0891459799100551, 1.0709924113049227, 1.067043167325706, 1.058700817059248, 1.0540830875773595, 1.0477031644616912, 1.0453667227930612, 1.0406970473148525, 1.0283230567661705, 1.023081553906517, 1.0180546086262434, 1.0187138599292185, 1.0075229576881835, 1.0004516601886144, 0.9961992314426428, 0.9915952149919075, 0.9976229695353213, 0.9907437114873803, 0.9885393984752903, 0.987548442965719, 0.9786241425612034, 0.98231181803512, 0.9730877682526187, 0.967992171860029, 0.9694282150736042, 0.9661873304034789, 0.9616041364928716, 0.9529696542824735, 0.9526346389416656, 0.9560543875852502, 0.9545886096299864, 0.9550171964416676, 0.9430167264420523, 0.9477139367740798, 0.9486713429166181, 0.9434641446031596, 0.9447771571628288, 0.9345952850589205, 0.9446165963751159, 0.9336039647329627, 0.9394777420527255, 0.928321873188738, 0.9240461677987112, 0.9345977258862054, 0.9312581105649381, 0.9232524003234565, 0.9235902042230689, 0.9183013891922043, 0.9270222041078283, 0.9171966876235663, 0.9189237652680813, 0.9144449748964152, 0.9103534121570903, 0.9172886670013358, 0.9042676892287771, 0.914215407371521, 0.9028465367334461, 0.910256882519384, 0.9099345428156097, 0.9098694433921423, 0.9004477634005597, 0.8988565870719438, 0.908252419094874, 0.9085706786008981, 0.8992587890128744, 0.8976057859459614, 0.8950707578083689, 0.8939865585833473, 0.8887296166678899, 0.897246898756128, 0.894371958120556, 0.8896996289105077, 0.8893002182973456, 0.901380641672586, 0.8874734619048565, 0.8893371969865997, 0.8821984095559041, 0.8770511591883986, 0.8871940751996336, 0.8895811784968657, 0.8818061118895472, 0.8771740257937803, 0.8823352222133366, 0.8850337697585784, 0.8830661649365951, 0.8821835427730151], "acc": [0.4101357466602757, 0.5000603318286337, 0.5256410256949665, 0.5457918552575608, 0.5589441930870125, 0.5733031674172184, 0.5819004525426287, 0.5884464555592199, 0.5953846154385563, 0.5999396682253071, 0.6015686274150198, 0.6101659125656025, 0.6098642533900691, 0.6151432881060409, 0.6162895927332106, 0.6200603317890772, 0.6236500754363576, 0.6297134238526473, 0.6298642534152415, 0.6314932126624911, 0.6330920060223943, 0.6340271493680157, 0.6373755655748992, 0.6406636501257595, 0.6397285067477737, 0.6427149321806377, 0.6428657617108674, 0.6491101055986741, 0.6467269984593399, 0.6480542986101694, 0.648446455501683, 0.6475414780937528, 0.6470889894958715, 0.6515535445450658, 0.6543891402355326, 0.6492609351396921, 0.6563499246319674, 0.6572247361022063, 0.6564102564282367, 0.6568325792106927, 0.6596078431012943, 0.6627450980859644, 0.663288084460959, 0.6639215686454313, 0.6627752639661187, 0.6607843137470666, 0.666274509767961, 0.6630165912698657, 0.6649773756123596, 0.6644042232169645, 0.6653393665589898, 0.6691101055699057, 0.6648567119047473, 0.6711613876823207, 0.6666968326295303, 0.668084464573033, 0.6734841629139079, 0.6670889894599109, 0.6697737556992612, 0.6745701357070497, 0.6734841628923316, 0.6744494720821467, 0.670196078395412, 0.6744494720893388, 0.6714328808050889, 0.6772549019787646, 0.6768627450872511, 0.673665158389021, 0.6786123680457091, 0.6782805429504648, 0.6808446455972766, 0.6784615384255779, 0.6807843137182981, 0.6788536953170915, 0.6809653091934113, 0.6808748114306823, 0.6765912518458129, 0.6754449471700965, 0.679245852205009, 0.6822322774868386, 0.6823529411656825, 0.6839215686526233, 0.6831070890110182, 0.6809049774187182, 0.6844343891798281, 0.6838914026789715, 0.6845550528083272, 0.6806938159591652, 0.6842533936327938, 0.6878129713603633, 0.687390648556331, 0.686998491700778, 0.6843137255081764, 0.6836500753788207, 0.6857918552539647, 0.6905882353444625, 0.6860331825181549, 0.6855806938339682, 0.6859728507218857, 0.6868174962760096]}