{"val_loss": [1.2909189551781843, 1.3348218359156725, 1.2614581597297587, 1.1275941192785048, 1.1521633533487983, 1.370285623213824, 1.1724725147109618, 1.5525669969211926, 1.279354160558731, 1.2375182795779591, 1.8241853698179684, 1.884656838796993, 1.4069060418695052, 1.7340830067644781, 1.5701659244139565, 1.662342907630186, 1.8048330157198371, 1.5798813397489129, 1.8838732782149696, 1.808832351179684, 1.7901986418815858, 1.6208050502175315, 1.863694853667907, 2.521345678421265, 1.8310845901111867, 2.0121199501006997, 2.086181935754052, 2.2088285647356574, 2.487034277635462, 1.9801881127178989, 2.1582622722890927, 2.2787567957454824, 2.168503085687199, 2.0360634039047567, 2.0884653607536765, 2.477666932656803, 2.2627786272604835, 2.491868359902326, 2.4099037991743035, 2.2976221024161356, 2.6895362850179008, 2.2454827848220256, 2.5556247541101222, 2.048942320869568, 2.537134727641223, 2.3579199691762263, 2.681333942387831, 2.3852671597603172, 2.369955265228761, 2.8427289474711697, 2.7298622490505484, 2.496543897415865, 2.4696806175887267, 2.4392952024235446, 2.588329605877718, 3.198334312540962, 2.70088193062155, 2.3946800903458008, 3.0007388656024627, 2.5684601955745308, 2.4583764821259098, 2.539892395511668, 2.2889281979792897, 2.510932178318819, 2.687955246303171, 2.4145278264622, 2.680895359885884, 2.4111357198424517, 2.743172136628054, 2.510195299061862, 2.570979498465431, 2.779305670784119, 2.7738509219725502, 2.5979989816033267, 2.6432608028911653, 2.756250524367878, 2.9272670699950845, 2.538083758175692, 2.5455918105528315, 2.9480361083994575, 2.915157208595684, 3.150843676959767, 2.5667801290144894, 3.2121771246099216, 2.9110955445651703, 2.8285127828210435, 2.7775493931387834, 2.8779608850938114, 3.4094357664954855, 2.766129653453827, 2.827818128973405, 2.7248327056481876, 3.138564863918937, 2.8055093505548285, 2.9515711034682983, 2.8074811964374495, 2.9609247220773747, 2.9924765979797443, 3.2183197893815882, 2.7930803741618275], "val_acc": [0.5535828876877851, 0.5483422459893048, 0.5760427807614128, 0.6052406417239796, 0.6037433155080214, 0.5653475935828877, 0.6198930481155925, 0.5465240641838727, 0.6121925133817336, 0.6135828876877851, 0.5413903743315508, 0.5351871657881507, 0.6101604278138615, 0.5673796791571347, 0.6027807486503519, 0.5828877005220097, 0.5782887700662256, 0.6077005347593583, 0.600106951858908, 0.5961497326330705, 0.6108021390501828, 0.6121925133817336, 0.5909090909218405, 0.5177540106824375, 0.6095187165902898, 0.6062032085561497, 0.5951871657626514, 0.5775401069646213, 0.5722994652533914, 0.593368983969969, 0.5797860962566845, 0.5851336898268226, 0.5948663101476781, 0.6039572192513369, 0.600320855627723, 0.5799999999872504, 0.6000000000127497, 0.5787165775273573, 0.5745454545327049, 0.5957219251336898, 0.5758288769925979, 0.6073796791571346, 0.5801069518844074, 0.6263101604405571, 0.5774331550929636, 0.5990374331423306, 0.587272727285477, 0.6082352941048974, 0.5960427807359134, 0.5616042780876159, 0.5882352941048974, 0.5937967914311006, 0.5970053475808332, 0.6014973262159582, 0.5990374331678299, 0.5633155080086407, 0.5844919786096257, 0.6115508021262878, 0.5690909090781594, 0.6059893048255839, 0.6134759358416266, 0.6130481283294963, 0.6173262031958064, 0.6112299465368138, 0.5906951871530257, 0.6195721925006193, 0.59144385025463, 0.617540106939122, 0.5888770053603433, 0.6089839572065017, 0.6013903743188012, 0.5875935828749509, 0.5961497326330705, 0.6089839572320009, 0.609411764718632, 0.6062032085434, 0.6002139037560652, 0.618395721912384, 0.6132620320728118, 0.5813903743188011, 0.5910160427934983, 0.5499465240769208, 0.6143315507893894, 0.5780748662974108, 0.591871657741261, 0.5978609625795945, 0.6148663101731775, 0.6004278074738814, 0.565668449197861, 0.5988235293990151, 0.6052406416984802, 0.6039572192640865, 0.582887700547509, 0.5976470588107797, 0.5989304812706728, 0.6035294117647059, 0.6051336898268226, 0.5961497326330705, 0.5819251337025892, 0.611016042767999], "loss": [1.4085513826516958, 1.082551068655506, 0.9328278141683403, 0.8214621790214182, 0.724115009419339, 0.6315468698101705, 0.54644824195951, 0.469813655177932, 0.40362433547707527, 0.3362740270638358, 0.28995462015383566, 0.24075755407277996, 0.2147069180182562, 0.1728356151046796, 0.14409532718798693, 0.13135594609995593, 0.12662944713014643, 0.10685186049112907, 0.09067257758269302, 0.08546478702292004, 0.09766039098235098, 0.07251541180713145, 0.059681639262723706, 0.06675090739719829, 0.06997959633308658, 0.062572822773978, 0.04401612400154543, 0.0549254749169177, 0.0677954438270307, 0.04161555783264058, 0.030575864965245014, 0.0610885569295912, 0.05367908477198844, 0.04290675791713717, 0.030975547915332996, 0.0334848982891346, 0.06295176788288004, 0.0413507276287985, 0.02209843613847888, 0.016724466026998033, 0.052642829619561564, 0.055833868109712415, 0.029582704432297435, 0.020449062604709987, 0.01664154489531686, 0.04565635007610867, 0.040711346528918495, 0.02376799404036765, 0.017483026618376755, 0.0316174856981271, 0.031683993952666294, 0.026701531300312793, 0.03346910099255913, 0.024711100662276036, 0.016543818306329564, 0.027858724650866487, 0.04105311418764102, 0.023291901883361565, 0.017907803750415733, 0.01640316972680401, 0.02473990679354734, 0.04285468217429352, 0.01563525047237517, 0.014062711979279387, 0.0282385885757064, 0.02068716274554733, 0.022823678851127623, 0.010978892076785816, 0.03431926308017151, 0.021402468604919237, 0.014243349437047003, 0.020400584930635506, 0.03209796124004491, 0.016583368927465127, 0.012856695273298304, 0.022894419474614333, 0.02891448780107642, 0.01265639758053577, 0.005223761009864318, 0.018155041017245115, 0.03159394964351014, 0.021109293341906362, 0.011067402563904177, 0.008406583022601555, 0.04165471294757153, 0.01665727189246166, 0.011873297711376376, 0.007467909689324024, 0.027365261445869867, 0.02563186168850457, 0.015809881722984406, 0.013188200253363962, 0.011085267438028967, 0.019475424138331844, 0.014921056688910696, 0.02197333319357078, 0.013264662363309396, 0.014561823758874005, 0.02378635890175045, 0.011780388050924757],