{"val_loss": [1.665424967398618, 1.9192421229000398, 1.653878278681301, 1.8598913317950652, 1.6495615977271993, 1.471796064453329, 1.4363117472245732, 1.4680933083059953, 1.7476390302882474, 1.8998596377551238, 1.3910205251010344, 1.34864843898916, 1.2095036423270078, 1.2676126565015253, 1.285505354646693, 1.4199429058391142, 1.285643248902285, 1.2239017880664151, 1.1775416237785217, 1.1527235665678341, 1.1885569542997023, 1.1785521407305874, 1.2248925996464204, 1.1263433270148415, 1.1467764980270263, 1.1322091432178722, 1.1429749483730705, 1.0874336994778027, 1.078209184962798, 1.1463932644109676, 1.0659812481135609, 1.108002095668711, 1.025550766246204, 1.0845727749814325, 1.1279074689666218, 1.046465949820962, 1.0820568089179177, 1.1534310668292531, 1.0305704168967385, 1.072831041060667, 1.075181748497295, 1.1197675002322478, 1.057418952102967, 1.1358638448256222, 1.135944945200242, 1.091139955660876, 1.103584103087053, 1.063772844949508, 1.162987063256177, 1.0750423007087913, 1.1568755946949842, 1.1554673947369989, 1.186707769798085, 1.1817888234898368, 1.096149890869059, 1.2037592063613116, 1.1272705703878148, 1.129234652187735, 1.1582239953719358, 1.1705467984128126, 1.2294652108585133, 1.1817088443072723, 1.2090559776709042, 1.2027492907723003, 1.2296225346855938, 1.2140849309171584, 1.1728639047668579, 1.2224661847359357, 1.271900911802914, 1.2714710514048204, 1.3458809643633225, 1.3059265983869686, 1.2462178179287018, 1.2725685999737704, 1.2898948921494306, 1.2298644309757865, 1.3880810957031453, 1.3372209331823544, 1.3534301611000203, 1.3841126615414645, 1.34752235065807, 1.4286788370902526, 1.4348663440426404, 1.347180835499483, 1.262353294099716, 1.448660807332253, 1.301259138545888, 1.3809341117532496, 1.3570528196204792, 1.5118460131966494, 1.4098643912223572, 1.4036519704400536, 1.448437455401701, 1.385723570100764, 1.5205128161282462, 1.5158754543187147, 1.5396813304921522, 1.5668698235246588, 1.4467327042059466, 1.532073623012094], "val_acc": [0.40385026738286656, 0.30780748663420343, 0.3956149732652195, 0.3296256684523853, 0.3859893048160216, 0.45807486631653527, 0.48502673796791446, 0.4570053475935829, 0.3747593582951449, 0.4179679144512523, 0.49529411765980846, 0.5050267379679144, 0.5749732620320855, 0.541604278087616, 0.5453475935956373, 0.48812834225873897, 0.5408556149860116, 0.5662032085688994, 0.5796791443977763, 0.5964705882225445, 0.5772192513241488, 0.582032085574247, 0.571016042767999, 0.597112299452491, 0.5900534759230792, 0.5957219251209401, 0.5921925133562344, 0.6119786096129188, 0.6156149732747818, 0.5908021390501829, 0.6248128342373486, 0.612299465227892, 0.6406417112171968, 0.628449197848213, 0.6121925133562343, 0.6334759358416266, 0.6287700534886855, 0.5990374331678299, 0.6432085561369829, 0.642780748650352, 0.6321925133562343, 0.6242780748535605, 0.6454545454672951, 0.6245989304685338, 0.6259893048255839, 0.6402139037305659, 0.6407486630888546, 0.6437433154952718, 0.6326203208428653, 0.6480213903615819, 0.6304812834097102, 0.6386096256556996, 0.6410695187038279, 0.6296256684619476, 0.657967914425753, 0.6198930481155925, 0.6522994652533913, 0.6505882353068673, 0.6452406417239797, 0.6449197861090064, 0.6342245989177316, 0.6454545454545455, 0.6438502673796791, 0.6435294117774555, 0.6486631016170278, 0.6462032085434001, 0.657967914425753, 0.6483422459765552, 0.6487700534631862, 0.6466310160555304, 0.6348663101476781, 0.6391443850139883, 0.6504812834352095, 0.6554010695314663, 0.6442780748535605, 0.6439572192385873, 0.6440641711102449, 0.6434224598930481, 0.6397860962566845, 0.644598930494033, 0.6526203208683646, 0.6336898395721925, 0.6347593582760204, 0.6484491978482129, 0.6548663101476782, 0.6438502673796791, 0.6495187165902898, 0.6486631015915284, 0.6464171122867156, 0.6332620320728118, 0.644598930494033, 0.6418181818309314, 0.638395721912384, 0.6529411764578386, 0.6350802138909937, 0.6365775400942022, 0.6411764706009849, 0.6374331550674642, 0.651016042767999, 0.6370053476063325], "loss": [1.5161619281696879, 1.2791165713774852, 1.199768603729087, 1.1403387103361242, 1.1024308790017037, 1.060755533726147, 1.0260068237619702, 1.0050930102234692, 0.975082395727638, 0.9450869436968865, 0.9219101557796358, 0.9068126592592956, 0.8884654771652337, 0.8630718827499344, 0.8416368937528331, 0.8213153531396731, 0.8039535650444606, 0.7862752432772836, 0.7634433767950193, 0.7501142724606786, 0.7284364085211833, 0.7106850254445773, 0.6990492821962405, 0.6852833660191899, 0.6735643507200848, 0.6584575496324048, 0.6489103720486613, 0.6223344658474756, 0.6180063962073348, 0.6086286363127005, 0.597902447821328, 0.5829040492264214, 0.5688357033880588, 0.5639973652560607, 0.551168488589527, 0.5462938217375972, 0.5252950360728245, 0.5257489871511273, 0.5143351332957928, 0.5081517926096737, 0.49630534594594805, 0.4938027879896926, 0.4804115515524805, 0.4778411650082285, 0.46252193488686333, 0.4568551460794014, 0.4492404262296754, 0.4524251443372413, 0.4401556633473521, 0.4407594215887884, 0.4234598937491306, 0.4252853417612309, 0.42438032736425846, 0.4114585273226282, 0.40453919664227583, 0.40923969365712565, 0.39552098453854007, 0.3948595817002775, 0.3829497459067838, 0.38500671779408174, 0.37039810410452106, 0.36925418540543203, 0.36611330852609236, 0.37268202379098664, 0.3606860662216874, 0.35735637467371395, 0.3534093158565136, 0.344460301528689, 0.3534612045370795, 0.3372431942600291, 0.3414604622638064, 0.33993708340470785, 0.3291772344047667, 0.32911221615868996, 0.3281287786288139, 0.31587247906766863, 0.3182811503964132, 0.3236299450724733, 0.32414449490033664, 0.3112742317747746, 0.3080767609127327, 0.30494567596894406, 0.30287986445570786, 0.2996332285738639, 0.2984245102788528, 0.2910614271653004, 0.29726452990265095, 0.29507635907529883, 0.28683583458084866, 0.286983320952181, 0.2882675310371508, 0.2737250250838641, 0.2806696316667272, 0.2787789993417389, 0.2785012444804337, 0.2764421105978176, 0.268538564051618, 0.2669740271909924, 0.2703427992147558, 0.26640846439076765],